method,run,generation,best
GP_plain,0,0,0.7281325771163059
GP_plain,0,1,0.5305972611971347
GP_plain,0,2,0.5305972611971347
GP_plain,0,3,0.5305972611971347
GP_plain,0,4,0.5305972611971347
GP_plain,0,5,0.5305972611971347
GP_plain,0,6,0.5305972611971347
GP_plain,0,7,0.5305972611971347
GP_plain,0,8,0.5305972611971347
GP_plain,0,9,0.5305972611971347
GP_plain,0,10,0.5305972611971347
GP_plain,0,11,0.5305972611971347
GP_plain,0,12,0.5305972611971347
GP_plain,0,13,0.5305972611971347
GP_plain,0,14,0.5305972611971347
GP_plain,0,15,0.4510593489666331
GP_plain,0,16,0.4510593489666331
GP_plain,0,17,0.4510593489666331
GP_plain,0,18,0.4510593489666331
GP_plain,0,19,0.4510593489666331
GP_plain,0,20,0.4510593489666331
GP_plain,0,21,0.418106005269046
GP_plain,0,22,0.418106005269046
GP_plain,0,23,0.3965195448512328
GP_plain,0,24,0.3965195448512328
GP_plain,0,25,0.3965195448512328
GP_plain,0,26,0.3948979423729396
GP_plain,0,27,0.3948979423729396
GP_plain,0,28,0.38005314416963937
GP_plain,0,29,0.38005314416963937
GP_plain,0,30,0.38005314416963937
GP_plain,0,31,0.38005314416963937
GP_plain,0,32,0.38005314416963937
GP_plain,0,33,0.38005314416963937
GP_plain,0,34,0.38005314416963937
GP_plain,0,35,0.3800177948433228
GP_plain,0,36,0.3800177948433228
GP_plain,0,37,0.3800177948433228
GP_plain,0,38,0.3800177948433228
GP_plain,0,39,0.3800177948433228
GP_plain,0,40,0.3800177948433228
GP_plain,0,41,0.3800177948433228
GP_plain,0,42,0.3800177948433228
GP_plain,0,43,0.3800177948433228
GP_plain,0,44,0.3800177948433228
GP_plain,0,45,0.3800177948433228
GP_plain,0,46,0.3800177948433228
GP_plain,0,47,0.3800177948433228
GP_plain,0,48,0.3800177948433228
GP_plain,0,49,0.3800177948433228
GP_plain,0,50,0.3800177948433228
GP_plain,0,51,0.3800177948433228
GP_plain,0,52,0.3800177948433228
GP_plain,0,53,0.3800177948433228
GP_plain,0,54,0.3800177948433228
GP_plain,0,55,0.3800177948433228
GP_plain,0,56,0.3800177948433228
GP_plain,0,57,0.3800177948433228
GP_plain,0,58,0.3800177948433228
GP_plain,0,59,0.3800177948433228
GP_plain,0,60,0.3800177948433228
GP_plain,0,61,0.3635766992473794
GP_plain,0,62,0.3635766992473794
GP_plain,0,63,0.3635766992473794
GP_plain,1,0,0.6590120073538003
GP_plain,1,1,0.583778313003028
GP_plain,1,2,0.583778313003028
GP_plain,1,3,0.5250351827132341
GP_plain,1,4,0.5250351827132341
GP_plain,1,5,0.5250351827132341
GP_plain,1,6,0.5250351827132341
GP_plain,1,7,0.5250351827132341
GP_plain,1,8,0.33758820408711576
GP_plain,1,9,0.33758820408711576
GP_plain,1,10,0.33758820408711576
GP_plain,1,11,0.33758820408711576
GP_plain,1,12,0.33164775293203813
GP_plain,1,13,0.33164775293203813
GP_plain,1,14,0.33164775293203813
GP_plain,1,15,0.33164775293203813
GP_plain,1,16,0.33164775293203813
GP_plain,1,17,0.33164775293203813
GP_plain,1,18,0.33164775293203813
GP_plain,1,19,0.33164775293203813
GP_plain,1,20,0.33164775293203813
GP_plain,1,21,0.33164775293203813
GP_plain,1,22,0.33164775293203813
GP_plain,1,23,0.33164775293203813
GP_plain,1,24,0.33164775293203813
GP_plain,1,25,0.33164775293203813
GP_plain,1,26,0.33164775293203813
GP_plain,1,27,0.33164775293203813
GP_plain,1,28,0.33164775293203813
GP_plain,1,29,0.33164775293203813
GP_plain,1,30,0.33164775293203813
GP_plain,1,31,0.33164775293203813
GP_plain,1,32,0.33164775293203813
GP_plain,1,33,0.33164775293203813
GP_plain,1,34,0.33164775293203813
GP_plain,1,35,0.33164775293203813
GP_plain,1,36,0.33164775293203813
GP_plain,1,37,0.33164775293203813
GP_plain,1,38,0.33164775293203813
GP_plain,1,39,0.33164775293203813
GP_plain,1,40,0.33164775293203813
GP_plain,1,41,0.33164775293203813
GP_plain,1,42,0.33164775293203813
GP_plain,1,43,0.33164775293203813
GP_plain,1,44,0.33164775293203813
GP_plain,1,45,0.33164775293203813
GP_plain,1,46,0.33164775293203813
GP_plain,1,47,0.33164775293203813
GP_plain,1,48,0.33164775293203813
GP_plain,1,49,0.33164775293203813
GP_plain,1,50,0.33164775293203813
GP_plain,1,51,0.33164775293203813
GP_plain,1,52,0.33164775293203813
GP_plain,1,53,0.33164775293203813
GP_plain,1,54,0.33164775293203813
GP_plain,1,55,0.33164775293203813
GP_plain,1,56,0.33164775293203813
GP_plain,1,57,0.33164775293203813
GP_plain,1,58,0.33164775293203813
GP_plain,1,59,0.21769642670428865
GP_plain,1,60,0.21769642670428865
GP_plain,1,61,0.012778982247537714
GP_plain,1,62,0.012778982247537714
GP_plain,1,63,0.012778982247537714
GP_plain,2,0,1.4665530090619188
GP_plain,2,1,0.8552154760143373
GP_plain,2,2,0.8552154760143373
GP_plain,2,3,0.8552154760143373
GP_plain,2,4,0.8552154760143373
GP_plain,2,5,0.7560419159504714
GP_plain,2,6,0.7493313724262258
GP_plain,2,7,0.7493313724262258
GP_plain,2,8,0.6914538488530475
GP_plain,2,9,0.6213049001640404
GP_plain,2,10,0.6213049001640404
GP_plain,2,11,0.6213049001640404
GP_plain,2,12,0.6213049001640404
GP_plain,2,13,0.48805514899942476
GP_plain,2,14,0.290894732440451
GP_plain,2,15,0.290894732440451
GP_plain,2,16,0.290894732440451
GP_plain,2,17,0.2695911746752956
GP_plain,2,18,0.2695911746752956
GP_plain,2,19,0.2695911746752956
GP_plain,2,20,0.2695911746752956
GP_plain,2,21,0.2695911746752956
GP_plain,2,22,0.23503344367089818
GP_plain,2,23,0.23503344367089818
GP_plain,2,24,0.19650825651436232
GP_plain,2,25,0.19650825651436232
GP_plain,2,26,0.057336577968517516
GP_plain,2,27,0.057336577968517516
GP_plain,2,28,0.05367326319241994
GP_plain,2,29,0.05367326319241994
GP_plain,2,30,0.05367326319241994
GP_plain,2,31,0.05367326319241994
GP_plain,2,32,0.05367326319241994
GP_plain,2,33,0.05367326319241994
GP_plain,2,34,0.05367326319241994
GP_plain,2,35,0.05367326319241994
GP_plain,2,36,0.05367326319241994
GP_plain,2,37,0.05367326319241994
GP_plain,2,38,0.05367326319241994
GP_plain,2,39,0.05367326319241994
GP_plain,2,40,0.05367326319241994
GP_plain,2,41,0.05367326319241994
GP_plain,2,42,0.05367326319241994
GP_plain,2,43,0.05367326319241994
GP_plain,2,44,0.05367326319241994
GP_plain,2,45,0.05367326319241994
GP_plain,2,46,0.05367326319241994
GP_plain,2,47,0.05367326319241994
GP_plain,2,48,0.05367326319241994
GP_plain,2,49,0.05367326319241994
GP_plain,2,50,0.05367326319241994
GP_plain,2,51,0.05367326319241994
GP_plain,2,52,0.05367326319241994
GP_plain,2,53,0.05367326319241994
GP_plain,2,54,0.05367326319241994
GP_plain,2,55,0.05367326319241994
GP_plain,2,56,0.05367326319241994
GP_plain,2,57,0.05367326319241994
GP_plain,2,58,0.05367326319241994
GP_plain,2,59,0.05367326319241994
GP_plain,2,60,0.05367326319241994
GP_plain,2,61,0.05367326319241994
GP_plain,2,62,0.05367326319241994
GP_plain,2,63,0.05367326319241994
GP_plain,3,0,0.5305972611971347
GP_plain,3,1,0.5305972611971347
GP_plain,3,2,0.5305972611971347
GP_plain,3,3,0.5305972611971347
GP_plain,3,4,0.5305972611971347
GP_plain,3,5,0.5305972611971347
GP_plain,3,6,0.5204038484703325
GP_plain,3,7,0.5204038484703325
GP_plain,3,8,0.5204038484703325
GP_plain,3,9,0.5204038484703325
GP_plain,3,10,0.3746876282316453
GP_plain,3,11,0.3746876282316453
GP_plain,3,12,0.3746876282316453
GP_plain,3,13,0.3746876282316453
GP_plain,3,14,0.3746876282316453
GP_plain,3,15,0.35424437650525886
GP_plain,3,16,0.3322784938881323
GP_plain,3,17,0.3316477529320381
GP_plain,3,18,0.3316477529320381
GP_plain,3,19,0.3316477529320381
GP_plain,3,20,0.3316477529320381
GP_plain,3,21,0.3316477529320381
GP_plain,3,22,0.3316477529320381
GP_plain,3,23,0.3316477529320381
GP_plain,3,24,0.3316477529320381
GP_plain,3,25,0.3316477529320381
GP_plain,3,26,0.3316477529320381
GP_plain,3,27,0.3316477529320381
GP_plain,3,28,0.3316477529320381
GP_plain,3,29,0.2714193600657699
GP_plain,3,30,0.2714193600657699
GP_plain,3,31,0.2714193600657699
GP_plain,3,32,0.2714193600657699
GP_plain,3,33,0.2714193600657699
GP_plain,3,34,0.26874227203704054
GP_plain,3,35,0.21658545449062191
GP_plain,3,36,0.21658545449062191
GP_plain,3,37,0.21658545449062191
GP_plain,3,38,0.21658545449062191
GP_plain,3,39,0.21205687849652582
GP_plain,3,40,0.21205687849652582
GP_plain,3,41,0.21205687849652582
GP_plain,3,42,0.21205687849652582
GP_plain,3,43,0.1685037516190115
GP_plain,3,44,0.16509262831437876
GP_plain,3,45,0.16509262831437876
GP_plain,3,46,0.16509262831437876
GP_plain,3,47,0.16509262831437876
GP_plain,3,48,0.16509262831437876
GP_plain,3,49,0.15873936027160512
GP_plain,3,50,0.15873936027160512
GP_plain,3,51,0.15873936027160512
GP_plain,3,52,0.14312642913924614
GP_plain,3,53,0.14312642913924614
GP_plain,3,54,0.14312642913924614
GP_plain,3,55,0.14312642913924614
GP_plain,3,56,0.14312642913924614
GP_plain,3,57,0.14312642913924614
GP_plain,3,58,0.14312642913924614
GP_plain,3,59,0.14312642913924614
GP_plain,3,60,0.14312642913924614
GP_plain,3,61,0.14312642913924614
GP_plain,3,62,0.14312642913924614
GP_plain,3,63,0.14312642913924614
GP_plain,4,0,1.9988714420363463
GP_plain,4,1,1.997528244518089
GP_plain,4,2,1.633993367495813
GP_plain,4,3,1.3685355206373766
GP_plain,4,4,1.3685355206373766
GP_plain,4,5,0.9224499478982201
GP_plain,4,6,0.9224499478982201
GP_plain,4,7,0.9224499478982201
GP_plain,4,8,0.9224499478982201
GP_plain,4,9,0.9224499478982201
GP_plain,4,10,0.9224499478982201
GP_plain,4,11,0.9224499478982201
GP_plain,4,12,0.8242242227484321
GP_plain,4,13,0.8242242227484321
GP_plain,4,14,0.802206496635237
GP_plain,4,15,0.5305972611971346
GP_plain,4,16,0.5305972611971346
GP_plain,4,17,0.5305972611971346
GP_plain,4,18,0.5305972611971346
GP_plain,4,19,0.5305972611971346
GP_plain,4,20,0.5305972611971346
GP_plain,4,21,0.5305972611971346
GP_plain,4,22,0.5305972611971346
GP_plain,4,23,0.5305972611971346
GP_plain,4,24,0.5305972611971346
GP_plain,4,25,0.5305972611971346
GP_plain,4,26,0.5305972611971346
GP_plain,4,27,0.5305972611971346
GP_plain,4,28,0.5261852657312943
GP_plain,4,29,0.5261852657312943
GP_plain,4,30,0.5261852657312943
GP_plain,4,31,0.5261852657312943
GP_plain,4,32,0.5230138820328831
GP_plain,4,33,0.5230138820328831
GP_plain,4,34,0.5230138820328831
GP_plain,4,35,0.5230138820328831
GP_plain,4,36,0.5230138820328831
GP_plain,4,37,0.5230138820328831
GP_plain,4,38,0.5230138820328831
GP_plain,4,39,0.5230138820328831
GP_plain,4,40,0.5230138820328831
GP_plain,4,41,0.5230138820328831
GP_plain,4,42,0.5230138820328831
GP_plain,4,43,0.5230138820328831
GP_plain,4,44,0.5216897346509347
GP_plain,4,45,0.5211372005647772
GP_plain,4,46,0.5211372005647772
GP_plain,4,47,0.520640154483005
GP_plain,4,48,0.520640154483005
GP_plain,4,49,0.520640154483005
GP_plain,4,50,0.520640154483005
GP_plain,4,51,0.5206111044669735
GP_plain,4,52,0.5206111044669735
GP_plain,4,53,0.5206111044669735
GP_plain,4,54,0.5206111044669735
GP_plain,4,55,0.5206111044669735
GP_plain,4,56,0.5206111044669735
GP_plain,4,57,0.5206111044669735
GP_plain,4,58,0.5206111044669735
GP_plain,4,59,0.5206111044669735
GP_plain,4,60,0.5206111044669735
GP_plain,4,61,0.5206111044669735
GP_plain,4,62,0.5206111044669735
GP_plain,4,63,0.5206111044669735
GP_plain,5,0,0.5305972611971347
GP_plain,5,1,0.5305972611971347
GP_plain,5,2,0.5305972611971347
GP_plain,5,3,0.5305972611971347
GP_plain,5,4,0.4223352804130692
GP_plain,5,5,0.4223352804130692
GP_plain,5,6,0.4223352804130692
GP_plain,5,7,0.4223352804130692
GP_plain,5,8,0.4223352804130692
GP_plain,5,9,0.4223352804130692
GP_plain,5,10,0.4223352804130692
GP_plain,5,11,0.4223352804130692
GP_plain,5,12,0.4223352804130692
GP_plain,5,13,0.4223352804130692
GP_plain,5,14,0.4223352804130692
GP_plain,5,15,0.4223352804130692
GP_plain,5,16,0.4223352804130692
GP_plain,5,17,0.4223352804130692
GP_plain,5,18,0.4223352804130692
GP_plain,5,19,0.4223352804130692
GP_plain,5,20,0.4223352804130692
GP_plain,5,21,0.4223352804130692
GP_plain,5,22,0.4223352804130692
GP_plain,5,23,0.4223352804130692
GP_plain,5,24,0.4223352804130692
GP_plain,5,25,0.4223352804130692
GP_plain,5,26,0.4223352804130692
GP_plain,5,27,0.4223352804130692
GP_plain,5,28,0.4223352804130692
GP_plain,5,29,0.4223352804130692
GP_plain,5,30,0.4223352804130692
GP_plain,5,31,0.4223352804130692
GP_plain,5,32,0.4223352804130692
GP_plain,5,33,0.4223352804130692
GP_plain,5,34,0.4223352804130692
GP_plain,5,35,0.4223352804130692
GP_plain,5,36,0.4223352804130692
GP_plain,5,37,0.4223352804130692
GP_plain,5,38,0.4223352804130692
GP_plain,5,39,0.4223352804130692
GP_plain,5,40,0.4223352804130692
GP_plain,5,41,0.4223352804130692
GP_plain,5,42,0.4223352804130692
GP_plain,5,43,0.4223352804130692
GP_plain,5,44,0.4223352804130692
GP_plain,5,45,0.4223352804130692
GP_plain,5,46,0.4223352804130692
GP_plain,5,47,0.4223352804130692
GP_plain,5,48,0.4223352804130692
GP_plain,5,49,0.4223352804130692
GP_plain,5,50,0.4223352804130692
GP_plain,5,51,0.4223352804130692
GP_plain,5,52,0.4223352804130692
GP_plain,5,53,0.3924849622019394
GP_plain,5,54,0.3924849622019394
GP_plain,5,55,0.3924849622019394
GP_plain,5,56,0.3924849622019394
GP_plain,5,57,0.3924849622019394
GP_plain,5,58,0.3924849622019394
GP_plain,5,59,0.3924849622019394
GP_plain,5,60,0.3924849622019394
GP_plain,5,61,0.3924849622019394
GP_plain,5,62,0.3364824258223197
GP_plain,5,63,0.3364824258223197
GP_plain,6,0,0.5305972611971347
GP_plain,6,1,0.5305972611971347
GP_plain,6,2,0.5305972611971347
GP_plain,6,3,0.45320626151124316
GP_plain,6,4,0.45320626151124316
GP_plain,6,5,0.45320626151124316
GP_plain,6,6,0.45320626151124316
GP_plain,6,7,0.45320626151124316
GP_plain,6,8,0.41995507623516126
GP_plain,6,9,0.33624454730659087
GP_plain,6,10,0.33624454730659087
GP_plain,6,11,0.33624454730659087
GP_plain,6,12,0.33624454730659087
GP_plain,6,13,0.33624454730659087
GP_plain,6,14,0.3352884339132673
GP_plain,6,15,0.33522197848222
GP_plain,6,16,0.33522197848222
GP_plain,6,17,0.33522197848222
GP_plain,6,18,0.33522197848222
GP_plain,6,19,0.33522197848222
GP_plain,6,20,0.33522197848222
GP_plain,6,21,0.33522197848222
GP_plain,6,22,0.33522197848222
GP_plain,6,23,0.33522197848222
GP_plain,6,24,0.33522197848222
GP_plain,6,25,0.33522197848222
GP_plain,6,26,0.33522197848222
GP_plain,6,27,0.3329533601552322
GP_plain,6,28,0.3329533601552322
GP_plain,6,29,0.3329533601552322
GP_plain,6,30,0.3329533601552322
GP_plain,6,31,0.3329533601552322
GP_plain,6,32,0.3329533601552322
GP_plain,6,33,0.3329533601552322
GP_plain,6,34,0.3329533601552322
GP_plain,6,35,0.3329533601552322
GP_plain,6,36,0.3329533601552322
GP_plain,6,37,0.3329533601552322
GP_plain,6,38,0.3329533601552322
GP_plain,6,39,0.3329533601552322
GP_plain,6,40,0.3329533601552322
GP_plain,6,41,0.3329533601552322
GP_plain,6,42,0.3329533601552322
GP_plain,6,43,0.3329533601552322
GP_plain,6,44,0.32844041150270065
GP_plain,6,45,0.32844041150270065
GP_plain,6,46,0.32844041150270065
GP_plain,6,47,0.32844041150270065
GP_plain,6,48,0.32844041150270065
GP_plain,6,49,0.32844041150270065
GP_plain,6,50,0.32844041150270065
GP_plain,6,51,0.32844041150270065
GP_plain,6,52,0.32844041150270065
GP_plain,6,53,0.32844041150270065
GP_plain,6,54,0.32844041150270065
GP_plain,6,55,0.32844041150270065
GP_plain,6,56,0.32844041150270065
GP_plain,6,57,0.32844041150270065
GP_plain,6,58,0.32844041150270065
GP_plain,6,59,0.32844041150270065
GP_plain,6,60,0.3259323551211318
GP_plain,6,61,0.3259323551211318
GP_plain,6,62,0.3259323551211318
GP_plain,6,63,0.3259323551211318
GP_plain,7,0,1.5444622698690997
GP_plain,7,1,0.5305972611971347
GP_plain,7,2,0.4452514473808729
GP_plain,7,3,0.4452514473808729
GP_plain,7,4,0.4452514473808729
GP_plain,7,5,0.4452514473808729
GP_plain,7,6,0.4452514473808729
GP_plain,7,7,0.4452514473808729
GP_plain,7,8,0.4452514473808729
GP_plain,7,9,0.4452514473808729
GP_plain,7,10,0.44066914047385625
GP_plain,7,11,0.44066914047385625
GP_plain,7,12,0.44066914047385625
GP_plain,7,13,0.44066914047385625
GP_plain,7,14,0.43685512211974914
GP_plain,7,15,0.4336665016867793
GP_plain,7,16,0.4336665016867793
GP_plain,7,17,0.4336665016867793
GP_plain,7,18,0.4214540062595411
GP_plain,7,19,0.4214540062595411
GP_plain,7,20,0.4214540062595411
GP_plain,7,21,0.4214540062595411
GP_plain,7,22,0.4214540062595411
GP_plain,7,23,0.4214540062595411
GP_plain,7,24,0.4214540062595411
GP_plain,7,25,0.4214540062595411
GP_plain,7,26,0.4214540062595411
GP_plain,7,27,0.4214540062595411
GP_plain,7,28,0.4214540062595411
GP_plain,7,29,0.4214540062595411
GP_plain,7,30,0.4214540062595411
GP_plain,7,31,0.4214540062595411
GP_plain,7,32,0.4214540062595411
GP_plain,7,33,0.4214540062595411
GP_plain,7,34,0.4214540062595411
GP_plain,7,35,0.4214540062595411
GP_plain,7,36,0.4214540062595411
GP_plain,7,37,0.4214540062595411
GP_plain,7,38,0.4214540062595411
GP_plain,7,39,0.4196435411977646
GP_plain,7,40,0.4196435411977646
GP_plain,7,41,0.4196435411977646
GP_plain,7,42,0.4196435411977646
GP_plain,7,43,0.4196435411977646
GP_plain,7,44,0.4196435411977646
GP_plain,7,45,0.4196435411977646
GP_plain,7,46,0.4196435411977646
GP_plain,7,47,0.41889847427652366
GP_plain,7,48,0.41889847427652366
GP_plain,7,49,0.41889847427652366
GP_plain,7,50,0.4186401387001129
GP_plain,7,51,0.4186401387001129
GP_plain,7,52,0.4186401387001129
GP_plain,7,53,0.4186401387001129
GP_plain,7,54,0.4186401387001129
GP_plain,7,55,0.4186401387001129
GP_plain,7,56,0.4186401387001129
GP_plain,7,57,0.4186401387001129
GP_plain,7,58,0.4186401387001129
GP_plain,7,59,0.4186401387001129
GP_plain,7,60,0.4186401387001129
GP_plain,7,61,0.4186401387001129
GP_plain,7,62,0.4186401387001129
GP_plain,7,63,0.4186401387001129
GP_plain,8,0,0.5305972611971347
GP_plain,8,1,0.5305972611971347
GP_plain,8,2,0.5305972611971346
GP_plain,8,3,0.5305972611971346
GP_plain,8,4,0.5305972611971346
GP_plain,8,5,0.5305972611971346
GP_plain,8,6,0.4191144503041899
GP_plain,8,7,0.4191144503041899
GP_plain,8,8,0.4191144503041899
GP_plain,8,9,0.4191144503041899
GP_plain,8,10,0.4191144503041899
GP_plain,8,11,0.4188806541038381
GP_plain,8,12,0.4188806541038381
GP_plain,8,13,0.4188806541038381
GP_plain,8,14,0.4188806541038381
GP_plain,8,15,0.4188806541038381
GP_plain,8,16,0.41871396472084776
GP_plain,8,17,0.41871396472084776
GP_plain,8,18,0.41871396472084776
GP_plain,8,19,0.41871396472084776
GP_plain,8,20,0.41860623873477004
GP_plain,8,21,0.41860623873477004
GP_plain,8,22,0.41860623873477004
GP_plain,8,23,0.41860623873477004
GP_plain,8,24,0.41860623873477004
GP_plain,8,25,0.41860623873477004
GP_plain,8,26,0.41860623873477004
GP_plain,8,27,0.41860623873477004
GP_plain,8,28,0.41860623873477004
GP_plain,8,29,0.41860623873477004
GP_plain,8,30,0.41860623873477004
GP_plain,8,31,0.41860623873477004
GP_plain,8,32,0.41860623873477004
GP_plain,8,33,0.41860623873477004
GP_plain,8,34,0.41860623873477004
GP_plain,8,35,0.41860623873477004
GP_plain,8,36,0.41860623873477004
GP_plain,8,37,0.41860623873477004
GP_plain,8,38,0.41249536211893506
GP_plain,8,39,0.41249536211893506
GP_plain,8,40,0.41249536211893506
GP_plain,8,41,0.41249536211893506
GP_plain,8,42,0.31935442163372557
GP_plain,8,43,0.31935442163372557
GP_plain,8,44,0.31935442163372557
GP_plain,8,45,0.31935442163372557
GP_plain,8,46,0.31935442163372557
GP_plain,8,47,0.31935442163372557
GP_plain,8,48,0.2994965426815637
GP_plain,8,49,0.2994965426815637
GP_plain,8,50,0.2994965426815637
GP_plain,8,51,0.2994965426815637
GP_plain,8,52,0.2994965426815637
GP_plain,8,53,0.2994965426815637
GP_plain,8,54,0.2994965426815637
GP_plain,8,55,0.2994965426815637
GP_plain,8,56,0.2994965426815637
GP_plain,8,57,0.2994965426815637
GP_plain,8,58,0.2994965426815637
GP_plain,8,59,0.2994965426815637
GP_plain,8,60,0.2994965426815637
GP_plain,8,61,0.2994965426815637
GP_plain,8,62,0.2994965426815637
GP_plain,8,63,0.2994965426815637
GP_plain,9,0,1.745113008811353
GP_plain,9,1,0.5305972611971347
GP_plain,9,2,0.5305972611971347
GP_plain,9,3,0.5305972611971347
GP_plain,9,4,0.5305972611971347
GP_plain,9,5,0.5305972611971347
GP_plain,9,6,0.5305972611971347
GP_plain,9,7,0.5305972611971347
GP_plain,9,8,0.5305972611971347
GP_plain,9,9,0.5305972611971347
GP_plain,9,10,0.5305972611971347
GP_plain,9,11,0.5305972611971347
GP_plain,9,12,0.5305972611971347
GP_plain,9,13,0.5305972611971347
GP_plain,9,14,0.5305972611971347
GP_plain,9,15,0.5305972611971347
GP_plain,9,16,0.5305972611971347
GP_plain,9,17,0.5305972611971347
GP_plain,9,18,0.5305972611971347
GP_plain,9,19,0.5305972611971347
GP_plain,9,20,0.5305972611971347
GP_plain,9,21,0.5305972611971347
GP_plain,9,22,0.5305972611971347
GP_plain,9,23,0.5305972611971347
GP_plain,9,24,0.5305972611971347
GP_plain,9,25,0.5305972611971347
GP_plain,9,26,0.5305972611971347
GP_plain,9,27,0.5305972611971347
GP_plain,9,28,0.5305972611971347
GP_plain,9,29,0.5305972611971347
GP_plain,9,30,0.5305972611971347
GP_plain,9,31,0.5305972611971347
GP_plain,9,32,0.5305972611971347
GP_plain,9,33,0.5305972611971347
GP_plain,9,34,0.5305972611971347
GP_plain,9,35,0.5305972611971347
GP_plain,9,36,0.5305972611971347
GP_plain,9,37,0.5305972611971347
GP_plain,9,38,0.4193926330485051
GP_plain,9,39,0.4193926330485051
GP_plain,9,40,0.4193926330485051
GP_plain,9,41,0.4193926330485051
GP_plain,9,42,0.4193926330485051
GP_plain,9,43,0.4193926330485051
GP_plain,9,44,0.4193926330485051
GP_plain,9,45,0.4193926330485051
GP_plain,9,46,0.4193926330485051
GP_plain,9,47,0.4193926330485051
GP_plain,9,48,0.4193926330485051
GP_plain,9,49,0.4193926330485051
GP_plain,9,50,0.4193926330485051
GP_plain,9,51,0.4193926330485051
GP_plain,9,52,0.4193926330485051
GP_plain,9,53,0.4193926330485051
GP_plain,9,54,0.4193926330485051
GP_plain,9,55,0.4193926330485051
GP_plain,9,56,0.4193926330485051
GP_plain,9,57,0.4193926330485051
GP_plain,9,58,0.4193926330485051
GP_plain,9,59,0.3650532377820946
GP_plain,9,60,0.3650532377820946
GP_plain,9,61,0.3650532377820946
GP_plain,9,62,0.3650532377820946
GP_plain,9,63,0.3650532377820946
GP_plain,10,0,0.5305972611971347
GP_plain,10,1,0.5305972611971347
GP_plain,10,2,0.5305972611971347
GP_plain,10,3,0.5305972611971347
GP_plain,10,4,0.5305972611971347
GP_plain,10,5,0.5299393021264649
GP_plain,10,6,0.44020233826667365
GP_plain,10,7,0.44020233826667365
GP_plain,10,8,0.44020233826667365
GP_plain,10,9,0.44020233826667365
GP_plain,10,10,0.44020233826667365
GP_plain,10,11,0.44020233826667365
GP_plain,10,12,0.41911278341581915
GP_plain,10,13,0.41911278341581915
GP_plain,10,14,0.4177988401696942
GP_plain,10,15,0.4177988401696942
GP_plain,10,16,0.4177988401696942
GP_plain,10,17,0.4177988401696942
GP_plain,10,18,0.4177988401696942
GP_plain,10,19,0.4177988401696942
GP_plain,10,20,0.4177988401696942
GP_plain,10,21,0.4177988401696942
GP_plain,10,22,0.4177988401696942
GP_plain,10,23,0.4177988401696942
GP_plain,10,24,0.4177988401696942
GP_plain,10,25,0.4177988401696942
GP_plain,10,26,0.4177988401696942
GP_plain,10,27,0.4177988401696942
GP_plain,10,28,0.4177988401696942
GP_plain,10,29,0.4177988401696942
GP_plain,10,30,0.4177988401696942
GP_plain,10,31,0.4177988401696942
GP_plain,10,32,0.4177988401696942
GP_plain,10,33,0.4177988401696942
GP_plain,10,34,0.4177988401696942
GP_plain,10,35,0.4177988401696942
GP_plain,10,36,0.4177988401696942
GP_plain,10,37,0.4177988401696942
GP_plain,10,38,0.4177988401696942
GP_plain,10,39,0.4177988401696942
GP_plain,10,40,0.4177988401696942
GP_plain,10,41,0.4177988401696942
GP_plain,10,42,0.4177988401696942
GP_plain,10,43,0.4177988401696942
GP_plain,10,44,0.4177988401696942
GP_plain,10,45,0.4177988401696942
GP_plain,10,46,0.4177988401696942
GP_plain,10,47,0.4177988401696942
GP_plain,10,48,0.4177988401696942
GP_plain,10,49,0.4177988401696942
GP_plain,10,50,0.4177988401696942
GP_plain,10,51,0.4177988401696942
GP_plain,10,52,0.4177988401696942
GP_plain,10,53,0.4177988401696942
GP_plain,10,54,0.4177988401696942
GP_plain,10,55,0.4177988401696942
GP_plain,10,56,0.4177988401696942
GP_plain,10,57,0.4177988401696942
GP_plain,10,58,0.4177988401696942
GP_plain,10,59,0.4177988401696942
GP_plain,10,60,0.4177988401696942
GP_plain,10,61,0.4177988401696942
GP_plain,10,62,0.4177988401696942
GP_plain,10,63,0.4177988401696942
GP_plain,11,0,1.0386526671986707
GP_plain,11,1,1.0386526671986707
GP_plain,11,2,0.5557153264127377
GP_plain,11,3,0.5305972611971347
GP_plain,11,4,0.42256214256010993
GP_plain,11,5,0.1747279642397715
GP_plain,11,6,0.1747279642397715
GP_plain,11,7,0.1747279642397715
GP_plain,11,8,0.1747279642397715
GP_plain,11,9,0.1747279642397715
GP_plain,11,10,0.1747279642397715
GP_plain,11,11,0.14830254334518542
GP_plain,11,12,0.14830254334518542
GP_plain,11,13,0.14830254334518542
GP_plain,11,14,0.14830254334518542
GP_plain,11,15,0.14120508502738713
GP_plain,11,16,0.14120508502738713
GP_plain,11,17,0.14120508502738713
GP_plain,11,18,0.14120508502738713
GP_plain,11,19,0.14120508502738713
GP_plain,11,20,0.14120508502738713
GP_plain,11,21,0.14120508502738713
GP_plain,11,22,0.14120508502738713
GP_plain,11,23,0.14120508502738713
GP_plain,11,24,0.14120508502738713
GP_plain,11,25,0.14120508502738713
GP_plain,11,26,0.14120508502738713
GP_plain,11,27,0.14120508502738713
GP_plain,11,28,0.14120508502738713
GP_plain,11,29,0.14120508502738713
GP_plain,11,30,0.14120508502738713
GP_plain,11,31,0.14120508502738713
GP_plain,11,32,0.14120508502738713
GP_plain,11,33,0.14120508502738713
GP_plain,11,34,0.14120508502738713
GP_plain,11,35,0.14120508502738713
GP_plain,11,36,0.14120508502738713
GP_plain,11,37,0.14120508502738713
GP_plain,11,38,0.14120508502738713
GP_plain,11,39,0.14120508502738713
GP_plain,11,40,0.14120508502738713
GP_plain,11,41,0.14120508502738713
GP_plain,11,42,0.14120508502738713
GP_plain,11,43,0.14120508502738713
GP_plain,11,44,0.14120508502738713
GP_plain,11,45,0.10677867869314986
GP_plain,11,46,0.10677867869314986
GP_plain,11,47,0.10677867869314986
GP_plain,11,48,0.10677867869314986
GP_plain,11,49,0.10677867869314986
GP_plain,11,50,0.10677867869314986
GP_plain,11,51,0.10677867869314986
GP_plain,11,52,0.10677867869314986
GP_plain,11,53,0.10677867869314986
GP_plain,11,54,0.08348139458557315
GP_plain,11,55,0.08348139458557315
GP_plain,11,56,0.08348139458557315
GP_plain,11,57,0.08348139458557315
GP_plain,11,58,0.08348139458557315
GP_plain,11,59,0.08348139458557315
GP_plain,11,60,0.061057169881158085
GP_plain,11,61,0.061057169881158085
GP_plain,11,62,0.061057169881158085
GP_plain,11,63,0.007532887790137893
GP_plain,12,0,1.3445389922218345
GP_plain,12,1,0.5305972611971347
GP_plain,12,2,0.5305972611971347
GP_plain,12,3,0.5305972611971347
GP_plain,12,4,0.5305972611971347
GP_plain,12,5,0.5305972611971347
GP_plain,12,6,0.5305972611971347
GP_plain,12,7,0.5305972611971347
GP_plain,12,8,0.5305972611971347
GP_plain,12,9,0.5305972611971347
GP_plain,12,10,0.5305972611971347
GP_plain,12,11,0.5305972611971347
GP_plain,12,12,0.5305972611971347
GP_plain,12,13,0.5305972611971347
GP_plain,12,14,0.5305972611971347
GP_plain,12,15,0.5149636650730907
GP_plain,12,16,0.5149636650730907
GP_plain,12,17,0.5149636650730907
GP_plain,12,18,0.5149636650730907
GP_plain,12,19,0.5149636650730907
GP_plain,12,20,0.5149636650730907
GP_plain,12,21,0.5149636650730907
GP_plain,12,22,0.5149636650730907
GP_plain,12,23,0.5149636650730907
GP_plain,12,24,0.5149636650730907
GP_plain,12,25,0.5149636650730907
GP_plain,12,26,0.5149636650730907
GP_plain,12,27,0.5149636650730907
GP_plain,12,28,0.5149636650730907
GP_plain,12,29,0.5149636650730907
GP_plain,12,30,0.5149636650730907
GP_plain,12,31,0.5149636650730907
GP_plain,12,32,0.5149636650730907
GP_plain,12,33,0.44011586071204634
GP_plain,12,34,0.44011586071204634
GP_plain,12,35,0.44011586071204634
GP_plain,12,36,0.44011586071204634
GP_plain,12,37,0.44011586071204634
GP_plain,12,38,0.44011586071204634
GP_plain,12,39,0.41880270943129705
GP_plain,12,40,0.41880270943129705
GP_plain,12,41,0.41880270943129705
GP_plain,12,42,0.41880270943129705
GP_plain,12,43,0.41880270943129705
GP_plain,12,44,0.41880270943129705
GP_plain,12,45,0.41880270943129705
GP_plain,12,46,0.41880270943129705
GP_plain,12,47,0.41880270943129705
GP_plain,12,48,0.41880270943129705
GP_plain,12,49,0.41880270943129705
GP_plain,12,50,0.41880270943129705
GP_plain,12,51,0.41880270943129705
GP_plain,12,52,0.41880270943129705
GP_plain,12,53,0.41880270943129705
GP_plain,12,54,0.41880270943129705
GP_plain,12,55,0.41880270943129705
GP_plain,12,56,0.41880270943129705
GP_plain,12,57,0.41880270943129705
GP_plain,12,58,0.41880270943129705
GP_plain,12,59,0.41880270943129705
GP_plain,12,60,0.41880270943129705
GP_plain,12,61,0.4186026451298924
GP_plain,12,62,0.4186026451298924
GP_plain,12,63,0.4186026451298924
GP_plain,13,0,0.5305972611971347
GP_plain,13,1,0.5305972611971347
GP_plain,13,2,0.5305972611971347
GP_plain,13,3,0.4881881102650378
GP_plain,13,4,0.4881881102650378
GP_plain,13,5,0.4881881102650378
GP_plain,13,6,0.4881881102650378
GP_plain,13,7,0.4881881102650378
GP_plain,13,8,0.4881881102650378
GP_plain,13,9,0.4684607661914202
GP_plain,13,10,0.4684607661914202
GP_plain,13,11,0.4684607661914202
GP_plain,13,12,0.42135360417966344
GP_plain,13,13,0.4054633767807465
GP_plain,13,14,0.4054633767807465
GP_plain,13,15,0.4054633767807465
GP_plain,13,16,0.4054633767807465
GP_plain,13,17,0.4054633767807465
GP_plain,13,18,0.4054633767807465
GP_plain,13,19,0.4054633767807465
GP_plain,13,20,0.4054633767807465
GP_plain,13,21,0.4054633767807465
GP_plain,13,22,0.4054633767807465
GP_plain,13,23,0.4054633767807465
GP_plain,13,24,0.4054633767807465
GP_plain,13,25,0.4054633767807465
GP_plain,13,26,0.4054633767807465
GP_plain,13,27,0.4054633767807465
GP_plain,13,28,0.4054633767807465
GP_plain,13,29,0.275876675496961
GP_plain,13,30,0.275876675496961
GP_plain,13,31,0.275876675496961
GP_plain,13,32,0.275876675496961
GP_plain,13,33,0.2747186278845048
GP_plain,13,34,0.2747186278845048
GP_plain,13,35,0.2747186278845048
GP_plain,13,36,0.2747186278845048
GP_plain,13,37,0.2747186278845048
GP_plain,13,38,0.15447574527837188
GP_plain,13,39,0.15447574527837188
GP_plain,13,40,0.15447574527837188
GP_plain,13,41,0.08160270263734012
GP_plain,13,42,0.08160270263734012
GP_plain,13,43,0.08160270263734012
GP_plain,13,44,0.08160270263734012
GP_plain,13,45,0.08160270263734012
GP_plain,13,46,0.08160270263734012
GP_plain,13,47,0.08160270263734012
GP_plain,13,48,0.08160270263734012
GP_plain,13,49,0.07998422834429855
GP_plain,13,50,0.07130423478051164
GP_plain,13,51,0.07130423478051164
GP_plain,13,52,0.07130423478051164
GP_plain,13,53,0.07130423478051164
GP_plain,13,54,0.07130423478051164
GP_plain,13,55,0.07130423478051164
GP_plain,13,56,0.07130423478051164
GP_plain,13,57,0.07130423478051164
GP_plain,13,58,0.07130423478051164
GP_plain,13,59,0.07130423478051164
GP_plain,13,60,0.07130423478051164
GP_plain,13,61,0.07130423478051164
GP_plain,13,62,0.07130423478051164
GP_plain,13,63,0.07130423478051164
GP_plain,14,0,0.7560419159504714
GP_plain,14,1,0.7560419159504714
GP_plain,14,2,0.7560419159504714
GP_plain,14,3,0.745793393377503
GP_plain,14,4,0.5305972611971347
GP_plain,14,5,0.5283441523832554
GP_plain,14,6,0.5283441523832554
GP_plain,14,7,0.5283441523832554
GP_plain,14,8,0.5283441523832554
GP_plain,14,9,0.5283441523832554
GP_plain,14,10,0.4988126414768451
GP_plain,14,11,0.4988126414768451
GP_plain,14,12,0.49546264345585306
GP_plain,14,13,0.47734040806275263
GP_plain,14,14,0.47734040806275263
GP_plain,14,15,0.4700388764072192
GP_plain,14,16,0.4700388764072192
GP_plain,14,17,0.4219044275725654
GP_plain,14,18,0.4219044275725654
GP_plain,14,19,0.4219044275725654
GP_plain,14,20,0.3236928385726057
GP_plain,14,21,0.3236928385726057
GP_plain,14,22,0.3236928385726057
GP_plain,14,23,0.3236928385726057
GP_plain,14,24,0.3236928385726057
GP_plain,14,25,0.3236928385726057
GP_plain,14,26,0.3236928385726057
GP_plain,14,27,0.3236928385726057
GP_plain,14,28,0.3236928385726057
GP_plain,14,29,0.3236928385726057
GP_plain,14,30,0.3236928385726057
GP_plain,14,31,0.3236928385726057
GP_plain,14,32,0.3236928385726057
GP_plain,14,33,0.3236928385726057
GP_plain,14,34,0.3236928385726057
GP_plain,14,35,0.3236928385726057
GP_plain,14,36,0.3236928385726057
GP_plain,14,37,0.3236928385726057
GP_plain,14,38,0.3236928385726057
GP_plain,14,39,0.3236928385726057
GP_plain,14,40,0.3236928385726057
GP_plain,14,41,0.3236928385726057
GP_plain,14,42,0.3236928385726057
GP_plain,14,43,0.3236928385726057
GP_plain,14,44,0.2701874018291914
GP_plain,14,45,0.2701874018291914
GP_plain,14,46,0.2701874018291914
GP_plain,14,47,0.19447526601186946
GP_plain,14,48,0.18001957855532857
GP_plain,14,49,0.18001957855532857
GP_plain,14,50,0.18001957855532857
GP_plain,14,51,0.18001957855532857
GP_plain,14,52,0.18001957855532857
GP_plain,14,53,0.04324636964001859
GP_plain,14,54,0.04324636964001859
GP_plain,14,55,0.04324636964001859
GP_plain,14,56,0.03420071080161442
GP_plain,14,57,0.03262817735931662
GP_plain,14,58,0.03262817735931662
GP_plain,14,59,0.0325889960709506
GP_plain,14,60,0.0325889960709506
GP_plain,14,61,0.0325889960709506
GP_plain,14,62,0.0325889960709506
GP_plain,14,63,0.0325889960709506
GP_plain,15,0,0.5252441290366349
GP_plain,15,1,0.5252441290366349
GP_plain,15,2,0.5252441290366349
GP_plain,15,3,0.5252441290366349
GP_plain,15,4,0.5252441290366349
GP_plain,15,5,0.5252441290366349
GP_plain,15,6,0.488242282138844
GP_plain,15,7,0.488242282138844
GP_plain,15,8,0.488242282138844
GP_plain,15,9,0.488242282138844
GP_plain,15,10,0.4838181048103358
GP_plain,15,11,0.48379624406810123
GP_plain,15,12,0.48379624406810123
GP_plain,15,13,0.45548253740972927
GP_plain,15,14,0.3219811548442205
GP_plain,15,15,0.3219811548442205
GP_plain,15,16,0.3219811548442205
GP_plain,15,17,0.2772608335192032
GP_plain,15,18,0.2772608335192032
GP_plain,15,19,0.2772608335192032
GP_plain,15,20,0.2772608335192032
GP_plain,15,21,0.27723697744284176
GP_plain,15,22,0.27723697744284176
GP_plain,15,23,0.27723697744284176
GP_plain,15,24,0.27723697744284176
GP_plain,15,25,0.25131231277637994
GP_plain,15,26,0.25131231277637994
GP_plain,15,27,0.25131231277637994
GP_plain,15,28,0.25131231277637994
GP_plain,15,29,0.25131231277637994
GP_plain,15,30,0.25131231277637994
GP_plain,15,31,0.22373845188486002
GP_plain,15,32,0.20979191145814816
GP_plain,15,33,0.20979191145814816
GP_plain,15,34,0.20978677709523083
GP_plain,15,35,0.20978677709523083
GP_plain,15,36,0.20978677709523083
GP_plain,15,37,0.20978677709523083
GP_plain,15,38,0.20978677709523083
GP_plain,15,39,0.20642931947049234
GP_plain,15,40,0.2064274562236862
GP_plain,15,41,0.2064274562236862
GP_plain,15,42,0.2064274562236862
GP_plain,15,43,0.2064274562236862
GP_plain,15,44,0.2042803892705209
GP_plain,15,45,0.2042803892705209
GP_plain,15,46,0.2042803892705209
GP_plain,15,47,0.2042803892705209
GP_plain,15,48,0.2042803892705209
GP_plain,15,49,0.2042803892705209
GP_plain,15,50,0.2042803892705209
GP_plain,15,51,0.1997636853570093
GP_plain,15,52,0.1997636853570093
GP_plain,15,53,0.1997636853570093
GP_plain,15,54,0.1997636853570093
GP_plain,15,55,0.1997636853570093
GP_plain,15,56,0.19849691908643124
GP_plain,15,57,0.19849691908643124
GP_plain,15,58,0.19849691908643124
GP_plain,15,59,0.19849691908643124
GP_plain,15,60,0.1949576506379391
GP_plain,15,61,0.1949576506379391
GP_plain,15,62,0.18866318107024085
GP_plain,15,63,0.18866318107024085
GP_plain,16,0,1.132411579082695
GP_plain,16,1,1.132411579082695
GP_plain,16,2,0.9936657438087358
GP_plain,16,3,0.5305972611971347
GP_plain,16,4,0.5305972611971347
GP_plain,16,5,0.5305972611971347
GP_plain,16,6,0.43293099365083343
GP_plain,16,7,0.43293099365083343
GP_plain,16,8,0.43293099365083343
GP_plain,16,9,0.4187002683843313
GP_plain,16,10,0.4187002683843313
GP_plain,16,11,0.4187002683843313
GP_plain,16,12,0.4187002683843313
GP_plain,16,13,0.4187002683843313
GP_plain,16,14,0.4187002683843313
GP_plain,16,15,0.4187002683843313
GP_plain,16,16,0.4187002683843313
GP_plain,16,17,0.4187002683843313
GP_plain,16,18,0.4187002683843313
GP_plain,16,19,0.4187002683843313
GP_plain,16,20,0.4187002683843313
GP_plain,16,21,0.4187002683843313
GP_plain,16,22,0.4187002683843313
GP_plain,16,23,0.4187002683843313
GP_plain,16,24,0.4187002683843313
GP_plain,16,25,0.4187002683843313
GP_plain,16,26,0.4187002683843313
GP_plain,16,27,0.4187002683843313
GP_plain,16,28,0.4187002683843313
GP_plain,16,29,0.4187002683843313
GP_plain,16,30,0.4187002683843313
GP_plain,16,31,0.4187002683843313
GP_plain,16,32,0.4187002683843313
GP_plain,16,33,0.4187002683843313
GP_plain,16,34,0.4187002683843313
GP_plain,16,35,0.4187002683843313
GP_plain,16,36,0.4187002683843313
GP_plain,16,37,0.4187002683843313
GP_plain,16,38,0.4187002683843313
GP_plain,16,39,0.4187002683843313
GP_plain,16,40,0.4187002683843313
GP_plain,16,41,0.4187002683843313
GP_plain,16,42,0.4187002683843313
GP_plain,16,43,0.4187002683843313
GP_plain,16,44,0.4187002683843313
GP_plain,16,45,0.4187002683843313
GP_plain,16,46,0.4187002683843313
GP_plain,16,47,0.4187002683843313
GP_plain,16,48,0.4187002683843313
GP_plain,16,49,0.4187002683843313
GP_plain,16,50,0.4187002683843313
GP_plain,16,51,0.4187002683843313
GP_plain,16,52,0.4187002683843313
GP_plain,16,53,0.4187002683843313
GP_plain,16,54,0.4187002683843313
GP_plain,16,55,0.4187002683843313
GP_plain,16,56,0.4187002683843313
GP_plain,16,57,0.4187002683843313
GP_plain,16,58,0.4187002683843313
GP_plain,16,59,0.4187002683843313
GP_plain,16,60,0.4187002683843313
GP_plain,16,61,0.4187002683843313
GP_plain,16,62,0.4187002683843313
GP_plain,16,63,0.4187002683843313
GP_plain,17,0,1.2233138604888016
GP_plain,17,1,1.0784330260642563
GP_plain,17,2,0.5305972611971347
GP_plain,17,3,0.5305972611971347
GP_plain,17,4,0.5305972611971347
GP_plain,17,5,0.5305972611971347
GP_plain,17,6,0.5305972611971347
GP_plain,17,7,0.5305972611971347
GP_plain,17,8,0.5305972611971347
GP_plain,17,9,0.5305972611971347
GP_plain,17,10,0.5305972611971347
GP_plain,17,11,0.5305972611971347
GP_plain,17,12,0.5305972611971347
GP_plain,17,13,0.5305972611971347
GP_plain,17,14,0.5305972611971347
GP_plain,17,15,0.5305972611971347
GP_plain,17,16,0.5305972611971347
GP_plain,17,17,0.5305972611971347
GP_plain,17,18,0.5290266730282398
GP_plain,17,19,0.5290266730282398
GP_plain,17,20,0.5290266730282398
GP_plain,17,21,0.5290266730282398
GP_plain,17,22,0.5290266730282398
GP_plain,17,23,0.5290266730282398
GP_plain,17,24,0.5290266730282398
GP_plain,17,25,0.5290266730282398
GP_plain,17,26,0.5275840163203633
GP_plain,17,27,0.5275840163203633
GP_plain,17,28,0.5275840163203633
GP_plain,17,29,0.5262711011505716
GP_plain,17,30,0.5262711011505716
GP_plain,17,31,0.5262711011505716
GP_plain,17,32,0.5250897570016921
GP_plain,17,33,0.5250897570016921
GP_plain,17,34,0.5250897570016921
GP_plain,17,35,0.5250897570016921
GP_plain,17,36,0.5250897570016921
GP_plain,17,37,0.5250897570016921
GP_plain,17,38,0.5250897570016921
GP_plain,17,39,0.5250897570016921
GP_plain,17,40,0.5250897570016921
GP_plain,17,41,0.5250897570016921
GP_plain,17,42,0.42501029763538317
GP_plain,17,43,0.42501029763538317
GP_plain,17,44,0.42501029763538317
GP_plain,17,45,0.42501029763538317
GP_plain,17,46,0.42501029763538317
GP_plain,17,47,0.42501029763538317
GP_plain,17,48,0.42501029763538317
GP_plain,17,49,0.42501029763538317
GP_plain,17,50,0.42501029763538317
GP_plain,17,51,0.42501029763538317
GP_plain,17,52,0.42501029763538317
GP_plain,17,53,0.42501029763538317
GP_plain,17,54,0.42501029763538317
GP_plain,17,55,0.4242488742130679
GP_plain,17,56,0.4242488742130679
GP_plain,17,57,0.4242488742130679
GP_plain,17,58,0.4242488742130679
GP_plain,17,59,0.4242488742130679
GP_plain,17,60,0.4242488742130679
GP_plain,17,61,0.4242488742130679
GP_plain,17,62,0.4238138452849044
GP_plain,17,63,0.4238138452849044
GP_plain,18,0,1.2828083210888417
GP_plain,18,1,1.2828083210888417
GP_plain,18,2,1.2828083210888417
GP_plain,18,3,1.2828083210888417
GP_plain,18,4,1.2828083210888417
GP_plain,18,5,0.5454724530699965
GP_plain,18,6,0.5454724530699965
GP_plain,18,7,0.5454724530699965
GP_plain,18,8,0.5454724530699965
GP_plain,18,9,0.5454724530699965
GP_plain,18,10,0.5454724530699965
GP_plain,18,11,0.5454724530699965
GP_plain,18,12,0.5454724530699965
GP_plain,18,13,0.5399051954042429
GP_plain,18,14,0.5330255929701176
GP_plain,18,15,0.5330255929701176
GP_plain,18,16,0.48993159126245917
GP_plain,18,17,0.48993159126245917
GP_plain,18,18,0.48993159126245917
GP_plain,18,19,0.4837505227627069
GP_plain,18,20,0.4690359288768072
GP_plain,18,21,0.4327996143946347
GP_plain,18,22,0.4327996143946347
GP_plain,18,23,0.4327996143946347
GP_plain,18,24,0.4327996143946347
GP_plain,18,25,0.4327996143946347
GP_plain,18,26,0.4327996143946347
GP_plain,18,27,0.4327996143946347
GP_plain,18,28,0.4327996143946347
GP_plain,18,29,0.4327996143946347
GP_plain,18,30,0.4327996143946347
GP_plain,18,31,0.4327996143946347
GP_plain,18,32,0.4327996143946347
GP_plain,18,33,0.4327996143946347
GP_plain,18,34,0.4327996143946347
GP_plain,18,35,0.4327996143946347
GP_plain,18,36,0.4327996143946347
GP_plain,18,37,0.4327996143946347
GP_plain,18,38,0.4327996143946347
GP_plain,18,39,0.4327996143946347
GP_plain,18,40,0.4327996143946347
GP_plain,18,41,0.4327996143946347
GP_plain,18,42,0.4327996143946347
GP_plain,18,43,0.4327996143946347
GP_plain,18,44,0.4327996143946347
GP_plain,18,45,0.4327996143946347
GP_plain,18,46,0.4327996143946347
GP_plain,18,47,0.4327996143946347
GP_plain,18,48,0.4327996143946347
GP_plain,18,49,0.4327996143946347
GP_plain,18,50,0.4327996143946347
GP_plain,18,51,0.4327996143946347
GP_plain,18,52,0.4327996143946347
GP_plain,18,53,0.4327996143946347
GP_plain,18,54,0.428538615478098
GP_plain,18,55,0.428538615478098
GP_plain,18,56,0.428538615478098
GP_plain,18,57,0.428538615478098
GP_plain,18,58,0.428538615478098
GP_plain,18,59,0.428538615478098
GP_plain,18,60,0.428538615478098
GP_plain,18,61,0.428538615478098
GP_plain,18,62,0.428538615478098
GP_plain,18,63,0.428538615478098
GP_plain,19,0,0.6076581344776045
GP_plain,19,1,0.6076581344776045
GP_plain,19,2,0.5208902240703573
GP_plain,19,3,0.5208902240703573
GP_plain,19,4,0.5208902240703573
GP_plain,19,5,0.5208902240703573
GP_plain,19,6,0.5208902240703573
GP_plain,19,7,0.5208902240703573
GP_plain,19,8,0.4683741005147667
GP_plain,19,9,0.46003899604806076
GP_plain,19,10,0.46003899604806076
GP_plain,19,11,0.46003899604806076
GP_plain,19,12,0.46003899604806076
GP_plain,19,13,0.46003899604806076
GP_plain,19,14,0.46003899604806076
GP_plain,19,15,0.424368859203029
GP_plain,19,16,0.42208508100925
GP_plain,19,17,0.42208508100925
GP_plain,19,18,0.42208508100925
GP_plain,19,19,0.42208508100925
GP_plain,19,20,0.42208508100925
GP_plain,19,21,0.42208508100925
GP_plain,19,22,0.42208508100925
GP_plain,19,23,0.42208508100925
GP_plain,19,24,0.42208508100925
GP_plain,19,25,0.42208508100925
GP_plain,19,26,0.42208508100925
GP_plain,19,27,0.42208508100925
GP_plain,19,28,0.42208508100925
GP_plain,19,29,0.42208508100925
GP_plain,19,30,0.42208508100925
GP_plain,19,31,0.42208508100925
GP_plain,19,32,0.42208508100925
GP_plain,19,33,0.42208508100925
GP_plain,19,34,0.42208508100925
GP_plain,19,35,0.42208508100925
GP_plain,19,36,0.42208508100925
GP_plain,19,37,0.42208508100925
GP_plain,19,38,0.42208508100925
GP_plain,19,39,0.42208508100925
GP_plain,19,40,0.42208508100925
GP_plain,19,41,0.42208508100925
GP_plain,19,42,0.42208508100925
GP_plain,19,43,0.42208508100925
GP_plain,19,44,0.42208508100925
GP_plain,19,45,0.42208508100925
GP_plain,19,46,0.42208508100925
GP_plain,19,47,0.42208508100925
GP_plain,19,48,0.42208508100925
GP_plain,19,49,0.42208508100925
GP_plain,19,50,0.42208508100925
GP_plain,19,51,0.42208508100925
GP_plain,19,52,0.42208508100925
GP_plain,19,53,0.42208508100925
GP_plain,19,54,0.42208508100925
GP_plain,19,55,0.42208508100925
GP_plain,19,56,0.42208508100925
GP_plain,19,57,0.42208508100925
GP_plain,19,58,0.42208508100925
GP_plain,19,59,0.42208508100925
GP_plain,19,60,0.42208508100925
GP_plain,19,61,0.42208508100925
GP_plain,19,62,0.42208508100925
GP_plain,19,63,0.42208508100925
GP_plain,20,0,0.41964797605242077
GP_plain,20,1,0.41964797605242077
GP_plain,20,2,0.41964797605242077
GP_plain,20,3,0.41964797605242077
GP_plain,20,4,0.41964797605242077
GP_plain,20,5,0.41964797605242077
GP_plain,20,6,0.41964797605242077
GP_plain,20,7,0.41964797605242077
GP_plain,20,8,0.41964797605242077
GP_plain,20,9,0.41964797605242077
GP_plain,20,10,0.41964797605242077
GP_plain,20,11,0.41964797605242077
GP_plain,20,12,0.41964797605242077
GP_plain,20,13,0.41964797605242077
GP_plain,20,14,0.41964797605242077
GP_plain,20,15,0.41964797605242077
GP_plain,20,16,0.41964797605242077
GP_plain,20,17,0.41964797605242077
GP_plain,20,18,0.41964797605242077
GP_plain,20,19,0.41964797605242077
GP_plain,20,20,0.41964797605242077
GP_plain,20,21,0.41964797605242077
GP_plain,20,22,0.41964797605242077
GP_plain,20,23,0.41964797605242077
GP_plain,20,24,0.41964797605242077
GP_plain,20,25,0.41964797605242077
GP_plain,20,26,0.41964797605242077
GP_plain,20,27,0.41964797605242077
GP_plain,20,28,0.41964797605242077
GP_plain,20,29,0.41964797605242077
GP_plain,20,30,0.41964797605242077
GP_plain,20,31,0.41964797605242077
GP_plain,20,32,0.41964797605242077
GP_plain,20,33,0.41964797605242077
GP_plain,20,34,0.41964797605242077
GP_plain,20,35,0.41964797605242077
GP_plain,20,36,0.41964797605242077
GP_plain,20,37,0.41964797605242077
GP_plain,20,38,0.41964797605242077
GP_plain,20,39,0.41964797605242077
GP_plain,20,40,0.41964797605242077
GP_plain,20,41,0.41964797605242077
GP_plain,20,42,0.41964797605242077
GP_plain,20,43,0.41964797605242077
GP_plain,20,44,0.41964797605242077
GP_plain,20,45,0.41964797605242077
GP_plain,20,46,0.41964797605242077
GP_plain,20,47,0.41964797605242077
GP_plain,20,48,0.41964797605242077
GP_plain,20,49,0.41964797605242077
GP_plain,20,50,0.41964797605242077
GP_plain,20,51,0.41964797605242077
GP_plain,20,52,0.41964797605242077
GP_plain,20,53,0.41964797605242077
GP_plain,20,54,0.41964797605242077
GP_plain,20,55,0.41964797605242077
GP_plain,20,56,0.41964797605242077
GP_plain,20,57,0.41964797605242077
GP_plain,20,58,0.41964797605242077
GP_plain,20,59,0.41964797605242077
GP_plain,20,60,0.41964797605242077
GP_plain,20,61,0.41964797605242077
GP_plain,20,62,0.41964797605242077
GP_plain,20,63,0.41964797605242077
GP_plain,21,0,0.9272179911684446
GP_plain,21,1,0.9272179911684446
GP_plain,21,2,0.5305972611971347
GP_plain,21,3,0.5305972611971347
GP_plain,21,4,0.5305972611971347
GP_plain,21,5,0.5019113424340118
GP_plain,21,6,0.422821252933417
GP_plain,21,7,0.3500691252787569
GP_plain,21,8,0.3500691252787569
GP_plain,21,9,0.27937361226652463
GP_plain,21,10,0.27937361226652463
GP_plain,21,11,0.27937361226652463
GP_plain,21,12,0.27937361226652463
GP_plain,21,13,0.27937361226652463
GP_plain,21,14,0.27937361226652463
GP_plain,21,15,0.27937361226652463
GP_plain,21,16,0.27937361226652463
GP_plain,21,17,0.27937361226652463
GP_plain,21,18,0.27937361226652463
GP_plain,21,19,0.27937361226652463
GP_plain,21,20,0.27937361226652463
GP_plain,21,21,0.27937361226652463
GP_plain,21,22,0.27937361226652463
GP_plain,21,23,0.16890387085140973
GP_plain,21,24,0.16890387085140973
GP_plain,21,25,0.16890387085140973
GP_plain,21,26,0.16890387085140973
GP_plain,21,27,0.16890387085140973
GP_plain,21,28,0.16890387085140973
GP_plain,21,29,0.16890387085140973
GP_plain,21,30,0.14421400006259108
GP_plain,21,31,0.14421400006259108
GP_plain,21,32,0.14421400006259108
GP_plain,21,33,0.14421400006259108
GP_plain,21,34,0.14421400006259108
GP_plain,21,35,0.14421400006259108
GP_plain,21,36,0.10633834648790184
GP_plain,21,37,0.10633834648790184
GP_plain,21,38,0.10633834648790184
GP_plain,21,39,0.10633834648790184
GP_plain,21,40,0.10633834648790184
GP_plain,21,41,0.10633834648790184
GP_plain,21,42,0.10633834648790184
GP_plain,21,43,0.09166688628188509
GP_plain,21,44,0.09166688628188509
GP_plain,21,45,0.09166688628188509
GP_plain,21,46,0.09166688628188509
GP_plain,21,47,0.09166688628188509
GP_plain,21,48,0.09166688628188509
GP_plain,21,49,0.09166688628188509
GP_plain,21,50,0.09166688628188509
GP_plain,21,51,0.09166688628188509
GP_plain,21,52,0.047453986984042795
GP_plain,21,53,0.047453986984042795
GP_plain,21,54,0.047453986984042795
GP_plain,21,55,0.047453986984042795
GP_plain,21,56,0.047453986984042795
GP_plain,21,57,0.047453986984042795
GP_plain,21,58,0.03782940949948683
GP_plain,21,59,0.03782940949948683
GP_plain,21,60,0.03782940949948683
GP_plain,21,61,0.03532762056773331
GP_plain,21,62,0.03532762056773331
GP_plain,21,63,0.03532762056773331
GP_plain,22,0,0.9234466438908554
GP_plain,22,1,0.5305972611971347
GP_plain,22,2,0.5305972611971347
GP_plain,22,3,0.45894065533103606
GP_plain,22,4,0.45894065533103606
GP_plain,22,5,0.31273673234806565
GP_plain,22,6,0.31273673234806565
GP_plain,22,7,0.31273673234806565
GP_plain,22,8,0.31273673234806565
GP_plain,22,9,0.31273673234806565
GP_plain,22,10,0.31273673234806565
GP_plain,22,11,0.31273673234806565
GP_plain,22,12,0.31069444062885404
GP_plain,22,13,0.308616205525258
GP_plain,22,14,0.308616205525258
GP_plain,22,15,0.308616205525258
GP_plain,22,16,0.308616205525258
GP_plain,22,17,0.308616205525258
GP_plain,22,18,0.308616205525258
GP_plain,22,19,0.308616205525258
GP_plain,22,20,0.29000292380243076
GP_plain,22,21,0.2896106330302443
GP_plain,22,22,0.2896106330302443
GP_plain,22,23,0.2896106330302443
GP_plain,22,24,0.2896106330302443
GP_plain,22,25,0.2896106330302443
GP_plain,22,26,0.2896106330302443
GP_plain,22,27,0.2896106330302443
GP_plain,22,28,0.2896106330302443
GP_plain,22,29,0.2896106330302443
GP_plain,22,30,0.2896106330302443
GP_plain,22,31,0.2896106330302443
GP_plain,22,32,0.2896106330302443
GP_plain,22,33,0.2896106330302443
GP_plain,22,34,0.2896106330302443
GP_plain,22,35,0.2896106330302443
GP_plain,22,36,0.2896106330302443
GP_plain,22,37,0.2896106330302443
GP_plain,22,38,0.2896106330302443
GP_plain,22,39,0.2896106330302443
GP_plain,22,40,0.2896106330302443
GP_plain,22,41,0.2896106330302443
GP_plain,22,42,0.2896106330302443
GP_plain,22,43,0.28957414911737794
GP_plain,22,44,0.28957414911737794
GP_plain,22,45,0.28957414911737794
GP_plain,22,46,0.28957414911737794
GP_plain,22,47,0.28957414911737794
GP_plain,22,48,0.28957414911737794
GP_plain,22,49,0.28957414911737794
GP_plain,22,50,0.28957414911737794
GP_plain,22,51,0.2819244025797335
GP_plain,22,52,0.2819244025797335
GP_plain,22,53,0.2819244025797335
GP_plain,22,54,0.2577261599533331
GP_plain,22,55,0.2577261599533331
GP_plain,22,56,0.2577261599533331
GP_plain,22,57,0.2577261599533331
GP_plain,22,58,0.23758657120519336
GP_plain,22,59,0.22993890366962091
GP_plain,22,60,0.22993890366962091
GP_plain,22,61,0.22993890366962091
GP_plain,22,62,0.22993890366962091
GP_plain,22,63,0.22993890366962091
GP_plain,23,0,1.6520626172462929
GP_plain,23,1,1.6520626172462929
GP_plain,23,2,1.6520626172462929
GP_plain,23,3,0.5305972611971347
GP_plain,23,4,0.5305972611971347
GP_plain,23,5,0.5305972611971347
GP_plain,23,6,0.5305972611971347
GP_plain,23,7,0.5305972611971347
GP_plain,23,8,0.4743315676756108
GP_plain,23,9,0.4743315676756108
GP_plain,23,10,0.4743315676756108
GP_plain,23,11,0.4536177689721678
GP_plain,23,12,0.4536177689721678
GP_plain,23,13,0.4536177689721678
GP_plain,23,14,0.4536177689721678
GP_plain,23,15,0.43349269221267084
GP_plain,23,16,0.43349269221267084
GP_plain,23,17,0.43349269221267084
GP_plain,23,18,0.43349269221267084
GP_plain,23,19,0.43349269221267084
GP_plain,23,20,0.4190472982422415
GP_plain,23,21,0.4190472982422415
GP_plain,23,22,0.4190472982422415
GP_plain,23,23,0.4190472982422415
GP_plain,23,24,0.4190472982422415
GP_plain,23,25,0.4190472982422415
GP_plain,23,26,0.4190472982422415
GP_plain,23,27,0.4190472982422415
GP_plain,23,28,0.4190472982422415
GP_plain,23,29,0.4190472982422415
GP_plain,23,30,0.4190472982422415
GP_plain,23,31,0.4190472982422415
GP_plain,23,32,0.4190472982422415
GP_plain,23,33,0.4190472982422415
GP_plain,23,34,0.4190472982422415
GP_plain,23,35,0.4190472982422415
GP_plain,23,36,0.4190472982422415
GP_plain,23,37,0.4190472982422415
GP_plain,23,38,0.4190472982422415
GP_plain,23,39,0.4190472982422415
GP_plain,23,40,0.4190472982422415
GP_plain,23,41,0.4190472982422415
GP_plain,23,42,0.4190472982422415
GP_plain,23,43,0.4190472982422415
GP_plain,23,44,0.4190472982422415
GP_plain,23,45,0.4190472982422415
GP_plain,23,46,0.4190472982422415
GP_plain,23,47,0.4190472982422415
GP_plain,23,48,0.4190472982422415
GP_plain,23,49,0.4190472982422415
GP_plain,23,50,0.4190472982422415
GP_plain,23,51,0.4190472982422415
GP_plain,23,52,0.4190472982422415
GP_plain,23,53,0.4190472982422415
GP_plain,23,54,0.4190472982422415
GP_plain,23,55,0.4190472982422415
GP_plain,23,56,0.4190472982422415
GP_plain,23,57,0.4190472982422415
GP_plain,23,58,0.4190472982422415
GP_plain,23,59,0.4190472982422415
GP_plain,23,60,0.4190472982422415
GP_plain,23,61,0.4190472982422415
GP_plain,23,62,0.4190472982422415
GP_plain,23,63,0.4190472982422415
GP_plain,24,0,0.5305972611971347
GP_plain,24,1,0.5305972611971347
GP_plain,24,2,0.5305972611971347
GP_plain,24,3,0.5305972611971347
GP_plain,24,4,0.4507499992811329
GP_plain,24,5,0.4507499992811329
GP_plain,24,6,0.4507499992811329
GP_plain,24,7,0.4507499992811329
GP_plain,24,8,0.4507499992811329
GP_plain,24,9,0.4507499992811329
GP_plain,24,10,0.4191244213719665
GP_plain,24,11,0.4191244213719665
GP_plain,24,12,0.41801733617301234
GP_plain,24,13,0.41801733617301234
GP_plain,24,14,0.41801733617301234
GP_plain,24,15,0.41801733617301234
GP_plain,24,16,0.41801733617301234
GP_plain,24,17,0.41801733617301234
GP_plain,24,18,0.41801733617301234
GP_plain,24,19,0.41801733617301234
GP_plain,24,20,0.41801733617301234
GP_plain,24,21,0.41801733617301234
GP_plain,24,22,0.41801733617301234
GP_plain,24,23,0.41801733617301234
GP_plain,24,24,0.41801733617301234
GP_plain,24,25,0.41801733617301234
GP_plain,24,26,0.41778955954834934
GP_plain,24,27,0.41778955954834934
GP_plain,24,28,0.41778955954834934
GP_plain,24,29,0.41778955954834934
GP_plain,24,30,0.41778955954834934
GP_plain,24,31,0.41778955954834934
GP_plain,24,32,0.41778955954834934
GP_plain,24,33,0.41778955954834934
GP_plain,24,34,0.41778955954834934
GP_plain,24,35,0.3293989267808142
GP_plain,24,36,0.3293989267808142
GP_plain,24,37,0.2747818793640146
GP_plain,24,38,0.2747818793640146
GP_plain,24,39,0.2747818793640146
GP_plain,24,40,0.2747818793640146
GP_plain,24,41,0.2747818793640146
GP_plain,24,42,0.2747818793640146
GP_plain,24,43,0.2747818793640146
GP_plain,24,44,0.2747818793640146
GP_plain,24,45,0.2747818793640146
GP_plain,24,46,0.2747818793640146
GP_plain,24,47,0.2747818793640146
GP_plain,24,48,0.2747818793640146
GP_plain,24,49,0.2747818793640146
GP_plain,24,50,0.2747818793640146
GP_plain,24,51,0.2747818793640146
GP_plain,24,52,0.2747818793640146
GP_plain,24,53,0.2747818793640146
GP_plain,24,54,0.2747818793640146
GP_plain,24,55,0.2747818793640146
GP_plain,24,56,0.2747818793640146
GP_plain,24,57,0.2747818793640146
GP_plain,24,58,0.2747818793640146
GP_plain,24,59,0.2747818793640146
GP_plain,24,60,0.2747818793640146
GP_plain,24,61,0.2747818793640146
GP_plain,24,62,0.2747818793640146
GP_plain,24,63,0.2747818793640146
GP_plain,25,0,1.3813608315627293
GP_plain,25,1,0.5305972611971347
GP_plain,25,2,0.5305972611971347
GP_plain,25,3,0.5305972611971347
GP_plain,25,4,0.5305972611971347
GP_plain,25,5,0.42312571140796684
GP_plain,25,6,0.42312571140796684
GP_plain,25,7,0.42312571140796684
GP_plain,25,8,0.42312571140796684
GP_plain,25,9,0.42312571140796684
GP_plain,25,10,0.42312571140796684
GP_plain,25,11,0.42312571140796684
GP_plain,25,12,0.42258728961204867
GP_plain,25,13,0.42163096876212725
GP_plain,25,14,0.42163096876212725
GP_plain,25,15,0.418561158008124
GP_plain,25,16,0.418561158008124
GP_plain,25,17,0.418561158008124
GP_plain,25,18,0.418561158008124
GP_plain,25,19,0.418561158008124
GP_plain,25,20,0.418561158008124
GP_plain,25,21,0.418561158008124
GP_plain,25,22,0.418561158008124
GP_plain,25,23,0.418561158008124
GP_plain,25,24,0.418561158008124
GP_plain,25,25,0.418561158008124
GP_plain,25,26,0.418561158008124
GP_plain,25,27,0.418561158008124
GP_plain,25,28,0.418561158008124
GP_plain,25,29,0.418561158008124
GP_plain,25,30,0.418561158008124
GP_plain,25,31,0.418561158008124
GP_plain,25,32,0.418561158008124
GP_plain,25,33,0.418561158008124
GP_plain,25,34,0.418561158008124
GP_plain,25,35,0.418561158008124
GP_plain,25,36,0.418561158008124
GP_plain,25,37,0.418561158008124
GP_plain,25,38,0.4114730686830251
GP_plain,25,39,0.4114730686830251
GP_plain,25,40,0.4114730686830251
GP_plain,25,41,0.4114730686830251
GP_plain,25,42,0.4114730686830251
GP_plain,25,43,0.4114730686830251
GP_plain,25,44,0.4114730686830251
GP_plain,25,45,0.4114730686830251
GP_plain,25,46,0.4069582211972556
GP_plain,25,47,0.4069582211972556
GP_plain,25,48,0.4069582211972556
GP_plain,25,49,0.40236036382775253
GP_plain,25,50,0.40236036382775253
GP_plain,25,51,0.40236036382775253
GP_plain,25,52,0.40236036382775253
GP_plain,25,53,0.40236036382775253
GP_plain,25,54,0.40236036382775253
GP_plain,25,55,0.40236036382775253
GP_plain,25,56,0.40236036382775253
GP_plain,25,57,0.40236036382775253
GP_plain,25,58,0.40236036382775253
GP_plain,25,59,0.40236036382775253
GP_plain,25,60,0.40236036382775253
GP_plain,25,61,0.40236036382775253
GP_plain,25,62,0.40236036382775253
GP_plain,25,63,0.40236036382775253
GP_plain,26,0,0.5305972611971347
GP_plain,26,1,0.5305972611971347
GP_plain,26,2,0.5305972611971347
GP_plain,26,3,0.5305972611971347
GP_plain,26,4,0.5305972611971347
GP_plain,26,5,0.5305972611971347
GP_plain,26,6,0.5305972611971347
GP_plain,26,7,0.5305972611971347
GP_plain,26,8,0.4864332462288704
GP_plain,26,9,0.3017860202260484
GP_plain,26,10,0.3017860202260484
GP_plain,26,11,0.3017860202260484
GP_plain,26,12,0.3017860202260484
GP_plain,26,13,0.3017860202260484
GP_plain,26,14,0.2690529017498243
GP_plain,26,15,0.2690529017498243
GP_plain,26,16,0.2690529017498243
GP_plain,26,17,0.2690529017498243
GP_plain,26,18,0.2690529017498243
GP_plain,26,19,0.2690529017498243
GP_plain,26,20,0.2690529017498243
GP_plain,26,21,0.2690529017498243
GP_plain,26,22,0.2690529017498243
GP_plain,26,23,0.2690529017498243
GP_plain,26,24,0.2690529017498243
GP_plain,26,25,0.2690529017498243
GP_plain,26,26,0.2690529017498243
GP_plain,26,27,0.2690529017498243
GP_plain,26,28,0.2690529017498243
GP_plain,26,29,0.2690529017498243
GP_plain,26,30,0.2690529017498243
GP_plain,26,31,0.22130168060512714
GP_plain,26,32,0.22130168060512714
GP_plain,26,33,0.12118686771123796
GP_plain,26,34,0.12118686771123796
GP_plain,26,35,0.12118686771123796
GP_plain,26,36,0.12118686771123796
GP_plain,26,37,0.12118686771123796
GP_plain,26,38,0.12118686771123796
GP_plain,26,39,0.12118686771123796
GP_plain,26,40,0.12118686771123796
GP_plain,26,41,0.11720311654592737
GP_plain,26,42,0.11720311654592737
GP_plain,26,43,0.11720311654592737
GP_plain,26,44,0.11720311654592737
GP_plain,26,45,0.11720311654592737
GP_plain,26,46,0.11720311654592737
GP_plain,26,47,0.11720311654592737
GP_plain,26,48,0.11720311654592737
GP_plain,26,49,0.11720311654592737
GP_plain,26,50,0.11720311654592737
GP_plain,26,51,0.11720311654592737
GP_plain,26,52,0.11720311654592737
GP_plain,26,53,0.11720311654592737
GP_plain,26,54,0.11720311654592737
GP_plain,26,55,0.11720311654592737
GP_plain,26,56,0.11720311654592737
GP_plain,26,57,0.11720311654592737
GP_plain,26,58,0.11720311654592737
GP_plain,26,59,0.11720311654592737
GP_plain,26,60,0.11720311654592737
GP_plain,26,61,0.11720311654592737
GP_plain,26,62,0.11720311654592737
GP_plain,26,63,0.11720311654592737
GP_plain,27,0,0.5305972611971347
GP_plain,27,1,0.5183169352827215
GP_plain,27,2,0.5183169352827215
GP_plain,27,3,0.43837609727327237
GP_plain,27,4,0.43837609727327237
GP_plain,27,5,0.43837609727327237
GP_plain,27,6,0.43837609727327237
GP_plain,27,7,0.43837609727327237
GP_plain,27,8,0.43837609727327237
GP_plain,27,9,0.43837609727327237
GP_plain,27,10,0.43837609727327237
GP_plain,27,11,0.4173664623699179
GP_plain,27,12,0.4173664623699179
GP_plain,27,13,0.4173664623699179
GP_plain,27,14,0.4173664623699179
GP_plain,27,15,0.4173664623699179
GP_plain,27,16,0.4173664623699179
GP_plain,27,17,0.2675487327502342
GP_plain,27,18,0.2675487327502342
GP_plain,27,19,0.2675487327502342
GP_plain,27,20,0.2675487327502342
GP_plain,27,21,0.2675487327502342
GP_plain,27,22,0.2675487327502342
GP_plain,27,23,0.2675487327502342
GP_plain,27,24,0.2675487327502342
GP_plain,27,25,0.2675487327502342
GP_plain,27,26,0.2675487327502342
GP_plain,27,27,0.2675487327502342
GP_plain,27,28,0.2675487327502342
GP_plain,27,29,0.2675487327502342
GP_plain,27,30,0.2675487327502342
GP_plain,27,31,0.2675487327502342
GP_plain,27,32,0.2675487327502342
GP_plain,27,33,0.2675487327502342
GP_plain,27,34,0.2675487327502342
GP_plain,27,35,0.2675487327502342
GP_plain,27,36,0.2675487327502342
GP_plain,27,37,0.2675487327502342
GP_plain,27,38,0.2675487327502342
GP_plain,27,39,0.2675487327502342
GP_plain,27,40,0.2675487327502342
GP_plain,27,41,0.2675487327502342
GP_plain,27,42,0.2675487327502342
GP_plain,27,43,0.2675487327502342
GP_plain,27,44,0.2675487327502342
GP_plain,27,45,0.2675487327502342
GP_plain,27,46,0.2675487327502342
GP_plain,27,47,0.2675487327502342
GP_plain,27,48,0.2675487327502342
GP_plain,27,49,0.2675487327502342
GP_plain,27,50,0.2675487327502342
GP_plain,27,51,0.2675487327502342
GP_plain,27,52,0.2675487327502342
GP_plain,27,53,0.2675487327502342
GP_plain,27,54,0.2675487327502342
GP_plain,27,55,0.2675487327502342
GP_plain,27,56,0.2675487327502342
GP_plain,27,57,0.2675487327502342
GP_plain,27,58,0.2675487327502342
GP_plain,27,59,0.2675487327502342
GP_plain,27,60,0.2675487327502342
GP_plain,27,61,0.2675487327502342
GP_plain,27,62,0.2675487327502342
GP_plain,27,63,0.2675487327502342
GP_plain,28,0,0.7560419159504714
GP_plain,28,1,0.7560419159504714
GP_plain,28,2,0.5305972611971347
GP_plain,28,3,0.5305972611971347
GP_plain,28,4,0.5305972611971347
GP_plain,28,5,0.5305972611971347
GP_plain,28,6,0.5305972611971347
GP_plain,28,7,0.5305972611971347
GP_plain,28,8,0.5305972611971347
GP_plain,28,9,0.5305972611971347
GP_plain,28,10,0.5305972611971347
GP_plain,28,11,0.5305972611971347
GP_plain,28,12,0.5305972611971347
GP_plain,28,13,0.5305972611971347
GP_plain,28,14,0.5305972611971347
GP_plain,28,15,0.5305972611971347
GP_plain,28,16,0.5305972611971347
GP_plain,28,17,0.5305972611971347
GP_plain,28,18,0.5305972611971347
GP_plain,28,19,0.5305972611971347
GP_plain,28,20,0.5305972611971347
GP_plain,28,21,0.5305972611971347
GP_plain,28,22,0.5305972611971347
GP_plain,28,23,0.5305972611971347
GP_plain,28,24,0.5305972611971347
GP_plain,28,25,0.5305972611971347
GP_plain,28,26,0.5305972611971347
GP_plain,28,27,0.5305972611971347
GP_plain,28,28,0.5305972611971347
GP_plain,28,29,0.5305972611971347
GP_plain,28,30,0.5305972611971347
GP_plain,28,31,0.5305972611971347
GP_plain,28,32,0.5305972611971347
GP_plain,28,33,0.5305972611971347
GP_plain,28,34,0.5305972611971347
GP_plain,28,35,0.5305972611971347
GP_plain,28,36,0.4375133440341524
GP_plain,28,37,0.4375133440341524
GP_plain,28,38,0.4375133440341524
GP_plain,28,39,0.4375133440341524
GP_plain,28,40,0.4375133440341524
GP_plain,28,41,0.4375133440341524
GP_plain,28,42,0.4375133440341524
GP_plain,28,43,0.42107238749746106
GP_plain,28,44,0.4185723875777201
GP_plain,28,45,0.4185723875777201
GP_plain,28,46,0.4185723875777201
GP_plain,28,47,0.4185723875777201
GP_plain,28,48,0.4185723875777201
GP_plain,28,49,0.4185723875777201
GP_plain,28,50,0.4185723875777201
GP_plain,28,51,0.4185723875777201
GP_plain,28,52,0.3996469185917551
GP_plain,28,53,0.3673501527850117
GP_plain,28,54,0.3673501527850117
GP_plain,28,55,0.33763898977365503
GP_plain,28,56,0.3355220067786836
GP_plain,28,57,0.3355220067786836
GP_plain,28,58,0.3355220067786836
GP_plain,28,59,0.3355220067786836
GP_plain,28,60,0.3355220067786836
GP_plain,28,61,0.3353811716389798
GP_plain,28,62,0.3353811716389798
GP_plain,28,63,0.3353811716389798
GP_plain,29,0,0.9259110050481041
GP_plain,29,1,0.9259110050481041
GP_plain,29,2,0.9259110050481041
GP_plain,29,3,0.5305972611971347
GP_plain,29,4,0.5305972611971347
GP_plain,29,5,0.5305972611971347
GP_plain,29,6,0.5069288124908883
GP_plain,29,7,0.5069288124908883
GP_plain,29,8,0.5069288124908883
GP_plain,29,9,0.4290160399953186
GP_plain,29,10,0.4186601534802122
GP_plain,29,11,0.4186601534802122
GP_plain,29,12,0.4186601534802122
GP_plain,29,13,0.4178423652673454
GP_plain,29,14,0.4178423652673454
GP_plain,29,15,0.4178423652673454
GP_plain,29,16,0.4178423652673454
GP_plain,29,17,0.4178423652673454
GP_plain,29,18,0.4178423652673454
GP_plain,29,19,0.4178423652673454
GP_plain,29,20,0.4178423652673454
GP_plain,29,21,0.4178423652673454
GP_plain,29,22,0.4178423652673454
GP_plain,29,23,0.4178423652673454
GP_plain,29,24,0.4178423652673454
GP_plain,29,25,0.4178423652673454
GP_plain,29,26,0.4178423652673454
GP_plain,29,27,0.4178423652673454
GP_plain,29,28,0.417568646840854
GP_plain,29,29,0.417568646840854
GP_plain,29,30,0.417568646840854
GP_plain,29,31,0.417568646840854
GP_plain,29,32,0.417568646840854
GP_plain,29,33,0.417568646840854
GP_plain,29,34,0.417568646840854
GP_plain,29,35,0.417568646840854
GP_plain,29,36,0.417568646840854
GP_plain,29,37,0.417568646840854
GP_plain,29,38,0.4174678566641237
GP_plain,29,39,0.4174678566641237
GP_plain,29,40,0.4174678566641237
GP_plain,29,41,0.4174678566641237
GP_plain,29,42,0.4174678566641237
GP_plain,29,43,0.4174678566641237
GP_plain,29,44,0.4174678566641237
GP_plain,29,45,0.4174678566641237
GP_plain,29,46,0.4174678566641237
GP_plain,29,47,0.4174678566641237
GP_plain,29,48,0.4174678566641237
GP_plain,29,49,0.4174678566641237
GP_plain,29,50,0.4174678566641237
GP_plain,29,51,0.4174678566641237
GP_plain,29,52,0.4174678566641237
GP_plain,29,53,0.4174678566641237
GP_plain,29,54,0.4174678566641237
GP_plain,29,55,0.4174678566641237
GP_plain,29,56,0.4174678566641237
GP_plain,29,57,0.4174678566641237
GP_plain,29,58,0.4174678566641237
GP_plain,29,59,0.4174678566641237
GP_plain,29,60,0.4174678566641237
GP_plain,29,61,0.4174678566641237
GP_plain,29,62,0.4174678566641237
GP_plain,29,63,0.4174678566641237
GP_parsimony,0,0,0.7281325771163059
GP_parsimony,0,1,0.5305972611971347
GP_parsimony,0,2,0.5305972611971347
GP_parsimony,0,3,0.5305972611971347
GP_parsimony,0,4,0.5305972611971347
GP_parsimony,0,5,0.5095742685450949
GP_parsimony,0,6,0.5095742685450949
GP_parsimony,0,7,0.5095742685450949
GP_parsimony,0,8,0.5095742685450949
GP_parsimony,0,9,0.5095742685450949
GP_parsimony,0,10,0.5095742685450949
GP_parsimony,0,11,0.5095742685450949
GP_parsimony,0,12,0.5095742685450949
GP_parsimony,0,13,0.5095742685450949
GP_parsimony,0,14,0.4842075530051514
GP_parsimony,0,15,0.4842075530051514
GP_parsimony,0,16,0.4842075530051514
GP_parsimony,0,17,0.4738768550929142
GP_parsimony,0,18,0.4738768550929142
GP_parsimony,0,19,0.4593200503096065
GP_parsimony,0,20,0.4593200503096065
GP_parsimony,0,21,0.4593200503096065
GP_parsimony,0,22,0.4593200503096065
GP_parsimony,0,23,0.4842075530051514
GP_parsimony,0,24,0.4842075530051514
GP_parsimony,0,25,0.4842075530051514
GP_parsimony,0,26,0.4842075530051514
GP_parsimony,0,27,0.4842075530051514
GP_parsimony,0,28,0.4842075530051514
GP_parsimony,0,29,0.4842075530051514
GP_parsimony,0,30,0.4842075530051514
GP_parsimony,0,31,0.4842075530051514
GP_parsimony,0,32,0.4842075530051514
GP_parsimony,0,33,0.4842075530051514
GP_parsimony,0,34,0.4842075530051514
GP_parsimony,0,35,0.4842075530051514
GP_parsimony,0,36,0.4842075530051514
GP_parsimony,0,37,0.4842075530051514
GP_parsimony,0,38,0.4842075530051514
GP_parsimony,0,39,0.4842075530051514
GP_parsimony,0,40,0.4842075530051514
GP_parsimony,0,41,0.4842075530051514
GP_parsimony,0,42,0.4842075530051514
GP_parsimony,0,43,0.4842075530051514
GP_parsimony,0,44,0.4842075530051514
GP_parsimony,0,45,0.4842075530051514
GP_parsimony,0,46,0.4842075530051514
GP_parsimony,0,47,0.4842075530051514
GP_parsimony,0,48,0.4842075530051514
GP_parsimony,0,49,0.4842075530051514
GP_parsimony,0,50,0.4842075530051514
GP_parsimony,0,51,0.4842075530051514
GP_parsimony,0,52,0.4842075530051514
GP_parsimony,0,53,0.4842075530051514
GP_parsimony,0,54,0.4842075530051514
GP_parsimony,0,55,0.4842075530051514
GP_parsimony,0,56,0.4842075530051514
GP_parsimony,0,57,0.4842075530051514
GP_parsimony,0,58,0.4842075530051514
GP_parsimony,0,59,0.4842075530051514
GP_parsimony,0,60,0.4842075530051514
GP_parsimony,0,61,0.4842075530051514
GP_parsimony,0,62,0.4842075530051514
GP_parsimony,0,63,0.4842075530051514
GP_parsimony,1,0,0.6590120073538003
GP_parsimony,1,1,0.6590120073538003
GP_parsimony,1,2,0.5299923341855591
GP_parsimony,1,3,0.5299923341855591
GP_parsimony,1,4,0.5299923341855591
GP_parsimony,1,5,0.5299923341855591
GP_parsimony,1,6,0.5299923341855591
GP_parsimony,1,7,0.5299923341855591
GP_parsimony,1,8,0.5299923341855591
GP_parsimony,1,9,0.5299923341855591
GP_parsimony,1,10,0.5305972611971347
GP_parsimony,1,11,0.5305972611971347
GP_parsimony,1,12,0.5305972611971347
GP_parsimony,1,13,0.5305972611971347
GP_parsimony,1,14,0.5305972611971347
GP_parsimony,1,15,0.5305972611971347
GP_parsimony,1,16,0.5305972611971347
GP_parsimony,1,17,0.5305972611971347
GP_parsimony,1,18,0.5305972611971347
GP_parsimony,1,19,0.5305972611971347
GP_parsimony,1,20,0.5305972611971347
GP_parsimony,1,21,0.5305972611971347
GP_parsimony,1,22,0.5305972611971347
GP_parsimony,1,23,0.5305972611971347
GP_parsimony,1,24,0.5305972611971347
GP_parsimony,1,25,0.5305972611971347
GP_parsimony,1,26,0.5305972611971347
GP_parsimony,1,27,0.5305972611971347
GP_parsimony,1,28,0.5305972611971347
GP_parsimony,1,29,0.5305972611971347
GP_parsimony,1,30,0.5305972611971347
GP_parsimony,1,31,0.5305972611971347
GP_parsimony,1,32,0.5305972611971347
GP_parsimony,1,33,0.5305972611971347
GP_parsimony,1,34,0.5305972611971347
GP_parsimony,1,35,0.5305972611971347
GP_parsimony,1,36,0.5305972611971347
GP_parsimony,1,37,0.5305972611971347
GP_parsimony,1,38,0.5305972611971347
GP_parsimony,1,39,0.5305972611971347
GP_parsimony,1,40,0.5305972611971347
GP_parsimony,1,41,0.5305972611971347
GP_parsimony,1,42,0.5305972611971347
GP_parsimony,1,43,0.5305972611971347
GP_parsimony,1,44,0.5026313036962609
GP_parsimony,1,45,0.5026313036962609
GP_parsimony,1,46,0.5026313036962609
GP_parsimony,1,47,0.5026313036962609
GP_parsimony,1,48,0.5026313036962609
GP_parsimony,1,49,0.5026313036962609
GP_parsimony,1,50,0.4671092809078085
GP_parsimony,1,51,0.4671092809078085
GP_parsimony,1,52,0.4671092809078085
GP_parsimony,1,53,0.4671092809078085
GP_parsimony,1,54,0.4671092809078085
GP_parsimony,1,55,0.4671092809078085
GP_parsimony,1,56,0.4354480502743956
GP_parsimony,1,57,0.4354480502743956
GP_parsimony,1,58,0.4354480502743956
GP_parsimony,1,59,0.4354480502743956
GP_parsimony,1,60,0.4354480502743956
GP_parsimony,1,61,0.42145042588037396
GP_parsimony,1,62,0.42069591446285926
GP_parsimony,1,63,0.42145042588037396
GP_parsimony,2,0,1.4665530090619188
GP_parsimony,2,1,0.5305972611971347
GP_parsimony,2,2,0.5305972611971347
GP_parsimony,2,3,0.5305972611971347
GP_parsimony,2,4,0.5305972611971347
GP_parsimony,2,5,0.4836043470869734
GP_parsimony,2,6,0.4836043470869734
GP_parsimony,2,7,0.4836043470869734
GP_parsimony,2,8,0.4836043470869734
GP_parsimony,2,9,0.4836043470869734
GP_parsimony,2,10,0.5305972611971347
GP_parsimony,2,11,0.5305972611971347
GP_parsimony,2,12,0.5305972611971347
GP_parsimony,2,13,0.5305972611971347
GP_parsimony,2,14,0.5305972611971347
GP_parsimony,2,15,0.5305972611971347
GP_parsimony,2,16,0.4266376328747414
GP_parsimony,2,17,0.4266376328747414
GP_parsimony,2,18,0.4266376328747414
GP_parsimony,2,19,0.4266376328747414
GP_parsimony,2,20,0.4266376328747414
GP_parsimony,2,21,0.42631848492705987
GP_parsimony,2,22,0.42631848492705987
GP_parsimony,2,23,0.42631848492705987
GP_parsimony,2,24,0.42631848492705987
GP_parsimony,2,25,0.42631848492705987
GP_parsimony,2,26,0.42631848492705987
GP_parsimony,2,27,0.42631848492705987
GP_parsimony,2,28,0.42631848492705987
GP_parsimony,2,29,0.42631848492705987
GP_parsimony,2,30,0.42631848492705987
GP_parsimony,2,31,0.42631848492705987
GP_parsimony,2,32,0.42631848492705987
GP_parsimony,2,33,0.42631848492705987
GP_parsimony,2,34,0.42631848492705987
GP_parsimony,2,35,0.42631848492705987
GP_parsimony,2,36,0.42631848492705987
GP_parsimony,2,37,0.42631848492705987
GP_parsimony,2,38,0.42631848492705987
GP_parsimony,2,39,0.42631848492705987
GP_parsimony,2,40,0.42631848492705987
GP_parsimony,2,41,0.42631848492705987
GP_parsimony,2,42,0.42631848492705987
GP_parsimony,2,43,0.42631848492705987
GP_parsimony,2,44,0.42631848492705987
GP_parsimony,2,45,0.42631848492705987
GP_parsimony,2,46,0.42631848492705987
GP_parsimony,2,47,0.42631848492705987
GP_parsimony,2,48,0.42631848492705987
GP_parsimony,2,49,0.4235101392100823
GP_parsimony,2,50,0.4235101392100823
GP_parsimony,2,51,0.4235101392100823
GP_parsimony,2,52,0.4185534110347048
GP_parsimony,2,53,0.4185534110347048
GP_parsimony,2,54,0.4185534110347048
GP_parsimony,2,55,0.4185534110347048
GP_parsimony,2,56,0.4185534110347048
GP_parsimony,2,57,0.4185534110347048
GP_parsimony,2,58,0.4185534110347048
GP_parsimony,2,59,0.4185534110347048
GP_parsimony,2,60,0.4185534110347048
GP_parsimony,2,61,0.4185534110347048
GP_parsimony,2,62,0.4185534110347048
GP_parsimony,2,63,0.4185534110347048
GP_parsimony,3,0,0.5305972611971347
GP_parsimony,3,1,0.5305972611971347
GP_parsimony,3,2,0.39536805899129196
GP_parsimony,3,3,0.39536805899129196
GP_parsimony,3,4,0.39536805899129196
GP_parsimony,3,5,0.39536805899129196
GP_parsimony,3,6,0.39536805899129196
GP_parsimony,3,7,0.3794396692429274
GP_parsimony,3,8,0.3794396692429274
GP_parsimony,3,9,0.3766012610306931
GP_parsimony,3,10,0.26169019983330727
GP_parsimony,3,11,0.19103786550586463
GP_parsimony,3,12,0.19103786550586463
GP_parsimony,3,13,0.19103786550586463
GP_parsimony,3,14,0.19077567477618942
GP_parsimony,3,15,0.19077567477618942
GP_parsimony,3,16,0.19077567477618942
GP_parsimony,3,17,0.18498337114149216
GP_parsimony,3,18,0.17973256299642076
GP_parsimony,3,19,0.17973256299642076
GP_parsimony,3,20,0.17973256299642076
GP_parsimony,3,21,0.16497611289174852
GP_parsimony,3,22,0.16497611289174852
GP_parsimony,3,23,0.1644528819870762
GP_parsimony,3,24,0.1644528819870762
GP_parsimony,3,25,0.1644528819870762
GP_parsimony,3,26,0.1644528819870762
GP_parsimony,3,27,0.1644528819870762
GP_parsimony,3,28,0.1644528819870762
GP_parsimony,3,29,0.048276517689485425
GP_parsimony,3,30,0.008898360496783168
GP_parsimony,3,31,0.008898360496783168
GP_parsimony,3,32,0.008898360496783168
GP_parsimony,3,33,0.008898360496783168
GP_parsimony,3,34,0.008898360496783168
GP_parsimony,3,35,0.008898360496783168
GP_parsimony,3,36,0.008898360496783168
GP_parsimony,3,37,0.008898360496783168
GP_parsimony,3,38,0.008898360496783168
GP_parsimony,3,39,0.008898360496783168
GP_parsimony,3,40,0.00290577570680532
GP_parsimony,3,41,0.00290577570680532
GP_parsimony,3,42,0.00290577570680532
GP_parsimony,3,43,0.00290577570680532
GP_parsimony,3,44,0.00290577570680532
GP_parsimony,3,45,0.00290577570680532
GP_parsimony,3,46,0.00290577570680532
GP_parsimony,3,47,0.00290577570680532
GP_parsimony,3,48,0.00290577570680532
GP_parsimony,3,49,0.00290577570680532
GP_parsimony,3,50,0.00290577570680532
GP_parsimony,3,51,0.00290577570680532
GP_parsimony,3,52,0.00290577570680532
GP_parsimony,3,53,0.00290577570680532
GP_parsimony,3,54,0.00290577570680532
GP_parsimony,3,55,0.00290577570680532
GP_parsimony,3,56,0.00290577570680532
GP_parsimony,3,57,0.00290577570680532
GP_parsimony,3,58,0.00290577570680532
GP_parsimony,3,59,0.00290577570680532
GP_parsimony,3,60,0.00290577570680532
GP_parsimony,3,61,0.00290577570680532
GP_parsimony,3,62,0.00290577570680532
GP_parsimony,3,63,0.00290577570680532
GP_parsimony,4,0,1.9988714420363463
GP_parsimony,4,1,1.997528244518089
GP_parsimony,4,2,1.609135972243765
GP_parsimony,4,3,0.7560419159504714
GP_parsimony,4,4,0.7560419159504714
GP_parsimony,4,5,0.7560419159504714
GP_parsimony,4,6,0.7560419159504714
GP_parsimony,4,7,0.5305972611971347
GP_parsimony,4,8,0.4030189165574937
GP_parsimony,4,9,0.4030189165574937
GP_parsimony,4,10,0.4030189165574937
GP_parsimony,4,11,0.4030189165574937
GP_parsimony,4,12,0.4030189165574937
GP_parsimony,4,13,0.4030189165574937
GP_parsimony,4,14,0.4030189165574937
GP_parsimony,4,15,0.2682275350466306
GP_parsimony,4,16,0.2682275350466306
GP_parsimony,4,17,0.2682275350466306
GP_parsimony,4,18,0.2682275350466306
GP_parsimony,4,19,0.2682275350466306
GP_parsimony,4,20,0.2682275350466306
GP_parsimony,4,21,0.2633689075734284
GP_parsimony,4,22,0.2408041586669581
GP_parsimony,4,23,0.23255045412536823
GP_parsimony,4,24,0.23255045412536823
GP_parsimony,4,25,0.23255045412536823
GP_parsimony,4,26,0.23255045412536823
GP_parsimony,4,27,0.22268534264995526
GP_parsimony,4,28,0.10987737013867951
GP_parsimony,4,29,0.10987737013867951
GP_parsimony,4,30,0.0029203076058516384
GP_parsimony,4,31,0.0029203076058516384
GP_parsimony,4,32,0.0029203076058516384
GP_parsimony,4,33,0.0029203076058516384
GP_parsimony,4,34,0.0029203076058516384
GP_parsimony,4,35,0.0029203076058516384
GP_parsimony,4,36,0.0029203076058516384
GP_parsimony,4,37,0.0029203076058516384
GP_parsimony,4,38,0.0029203076058516384
GP_parsimony,4,39,0.0029203076058516384
GP_parsimony,4,40,0.0029203076058516384
GP_parsimony,4,41,0.0029203076058516384
GP_parsimony,4,42,0.0029203076058516384
GP_parsimony,4,43,0.0029203076058516384
GP_parsimony,4,44,0.0029203076058516384
GP_parsimony,4,45,0.0029203076058516384
GP_parsimony,4,46,0.0029203076058516384
GP_parsimony,4,47,0.0029203076058516384
GP_parsimony,4,48,0.0029203076058516384
GP_parsimony,4,49,0.0029203076058516384
GP_parsimony,4,50,0.0029203076058516384
GP_parsimony,4,51,0.0029203076058516384
GP_parsimony,4,52,0.0029203076058516384
GP_parsimony,4,53,0.0029203076058516384
GP_parsimony,4,54,0.0029203076058516384
GP_parsimony,4,55,0.0029203076058516384
GP_parsimony,4,56,0.0029203076058516384
GP_parsimony,4,57,0.0029203076058516384
GP_parsimony,4,58,0.0029203076058516384
GP_parsimony,4,59,0.0029203076058516384
GP_parsimony,4,60,0.0029203076058516384
GP_parsimony,4,61,0.0029203076058516384
GP_parsimony,4,62,0.0029203076058516384
GP_parsimony,4,63,0.0029203076058516384
GP_parsimony,5,0,0.5305972611971347
GP_parsimony,5,1,0.5305972611971347
GP_parsimony,5,2,0.43899117952505645
GP_parsimony,5,3,0.43899117952505645
GP_parsimony,5,4,0.43899117952505645
GP_parsimony,5,5,0.43899117952505645
GP_parsimony,5,6,0.43899117952505645
GP_parsimony,5,7,0.43899117952505645
GP_parsimony,5,8,0.4185637952284002
GP_parsimony,5,9,0.4185637952284002
GP_parsimony,5,10,0.4185637952284002
GP_parsimony,5,11,0.4185637952284002
GP_parsimony,5,12,0.4185637952284002
GP_parsimony,5,13,0.4185637952284002
GP_parsimony,5,14,0.4185637952284002
GP_parsimony,5,15,0.4185637952284002
GP_parsimony,5,16,0.4185637952284002
GP_parsimony,5,17,0.4185637952284002
GP_parsimony,5,18,0.4185637952284002
GP_parsimony,5,19,0.4185637952284002
GP_parsimony,5,20,0.4185637952284002
GP_parsimony,5,21,0.4185637952284002
GP_parsimony,5,22,0.4185637952284002
GP_parsimony,5,23,0.4185637952284002
GP_parsimony,5,24,0.4185637952284002
GP_parsimony,5,25,0.4185637952284002
GP_parsimony,5,26,0.4185637952284002
GP_parsimony,5,27,0.4185637952284002
GP_parsimony,5,28,0.4185637952284002
GP_parsimony,5,29,0.4185637952284002
GP_parsimony,5,30,0.4185637952284002
GP_parsimony,5,31,0.4185637952284002
GP_parsimony,5,32,0.4185637952284002
GP_parsimony,5,33,0.4185637952284002
GP_parsimony,5,34,0.4185637952284002
GP_parsimony,5,35,0.4185637952284002
GP_parsimony,5,36,0.4185637952284002
GP_parsimony,5,37,0.4185637952284002
GP_parsimony,5,38,0.4185637952284002
GP_parsimony,5,39,0.4185637952284002
GP_parsimony,5,40,0.4185637952284002
GP_parsimony,5,41,0.4185637952284002
GP_parsimony,5,42,0.4185637952284002
GP_parsimony,5,43,0.4185637952284002
GP_parsimony,5,44,0.4185637952284002
GP_parsimony,5,45,0.4185637952284002
GP_parsimony,5,46,0.4185637952284002
GP_parsimony,5,47,0.4185637952284002
GP_parsimony,5,48,0.4185637952284002
GP_parsimony,5,49,0.4185637952284002
GP_parsimony,5,50,0.4185637952284002
GP_parsimony,5,51,0.4185637952284002
GP_parsimony,5,52,0.4185637952284002
GP_parsimony,5,53,0.4185637952284002
GP_parsimony,5,54,0.4185637952284002
GP_parsimony,5,55,0.4185637952284002
GP_parsimony,5,56,0.4189520609996251
GP_parsimony,5,57,0.4189520609996251
GP_parsimony,5,58,0.4189520609996251
GP_parsimony,5,59,0.4189520609996251
GP_parsimony,5,60,0.4189520609996251
GP_parsimony,5,61,0.4189520609996251
GP_parsimony,5,62,0.4189520609996251
GP_parsimony,5,63,0.4189520609996251
GP_parsimony,6,0,0.5305972611971347
GP_parsimony,6,1,0.5305972611971347
GP_parsimony,6,2,0.5305972611971347
GP_parsimony,6,3,0.5305972611971347
GP_parsimony,6,4,0.5305972611971347
GP_parsimony,6,5,0.5305972611971347
GP_parsimony,6,6,0.5305972611971347
GP_parsimony,6,7,0.5305972611971347
GP_parsimony,6,8,0.5305972611971347
GP_parsimony,6,9,0.5305972611971347
GP_parsimony,6,10,0.5305972611971347
GP_parsimony,6,11,0.5305972611971347
GP_parsimony,6,12,0.5305972611971347
GP_parsimony,6,13,0.5305972611971347
GP_parsimony,6,14,0.5305972611971347
GP_parsimony,6,15,0.5305972611971347
GP_parsimony,6,16,0.5305972611971347
GP_parsimony,6,17,0.5305972611971347
GP_parsimony,6,18,0.5305972611971347
GP_parsimony,6,19,0.41916816381070476
GP_parsimony,6,20,0.41916816381070476
GP_parsimony,6,21,0.41916816381070476
GP_parsimony,6,22,0.41916816381070476
GP_parsimony,6,23,0.41916816381070476
GP_parsimony,6,24,0.41916816381070476
GP_parsimony,6,25,0.41916816381070476
GP_parsimony,6,26,0.41916816381070476
GP_parsimony,6,27,0.3402410265124191
GP_parsimony,6,28,0.3402410265124191
GP_parsimony,6,29,0.3402410265124191
GP_parsimony,6,30,0.33529086623466203
GP_parsimony,6,31,0.33529086623466203
GP_parsimony,6,32,0.33529086623466203
GP_parsimony,6,33,0.33529086623466203
GP_parsimony,6,34,0.33529086623466203
GP_parsimony,6,35,0.33529086623466203
GP_parsimony,6,36,0.33529086623466203
GP_parsimony,6,37,0.33529086623466203
GP_parsimony,6,38,0.33529086623466203
GP_parsimony,6,39,0.33529086623466203
GP_parsimony,6,40,0.33529086623466203
GP_parsimony,6,41,0.33529086623466203
GP_parsimony,6,42,0.33529086623466203
GP_parsimony,6,43,0.33529086623466203
GP_parsimony,6,44,0.33529086623466203
GP_parsimony,6,45,0.33529086623466203
GP_parsimony,6,46,0.33529086623466203
GP_parsimony,6,47,0.33529086623466203
GP_parsimony,6,48,0.33529086623466203
GP_parsimony,6,49,0.33529086623466203
GP_parsimony,6,50,0.33529086623466203
GP_parsimony,6,51,0.33529086623466203
GP_parsimony,6,52,0.33529086623466203
GP_parsimony,6,53,0.33529086623466203
GP_parsimony,6,54,0.33529086623466203
GP_parsimony,6,55,0.33529086623466203
GP_parsimony,6,56,0.33529086623466203
GP_parsimony,6,57,0.33529086623466203
GP_parsimony,6,58,0.33529086623466203
GP_parsimony,6,59,0.33529086623466203
GP_parsimony,6,60,0.33529086623466203
GP_parsimony,6,61,0.33529086623466203
GP_parsimony,6,62,0.33529086623466203
GP_parsimony,6,63,0.33529086623466203
GP_parsimony,7,0,1.5444622698690997
GP_parsimony,7,1,1.5444622698690997
GP_parsimony,7,2,0.5305972611971347
GP_parsimony,7,3,0.5305972611971347
GP_parsimony,7,4,0.5305972611971347
GP_parsimony,7,5,0.5305972611971347
GP_parsimony,7,6,0.5305972611971347
GP_parsimony,7,7,0.5305972611971347
GP_parsimony,7,8,0.5305972611971347
GP_parsimony,7,9,0.5305972611971347
GP_parsimony,7,10,0.5305972611971347
GP_parsimony,7,11,0.5305972611971347
GP_parsimony,7,12,0.4672685864648904
GP_parsimony,7,13,0.45934069337385214
GP_parsimony,7,14,0.45934069337385214
GP_parsimony,7,15,0.45934069337385214
GP_parsimony,7,16,0.45934069337385214
GP_parsimony,7,17,0.45934069337385214
GP_parsimony,7,18,0.45934069337385214
GP_parsimony,7,19,0.45934069337385214
GP_parsimony,7,20,0.45934069337385214
GP_parsimony,7,21,0.45934069337385214
GP_parsimony,7,22,0.45934069337385214
GP_parsimony,7,23,0.45934069337385214
GP_parsimony,7,24,0.45934069337385214
GP_parsimony,7,25,0.45934069337385214
GP_parsimony,7,26,0.45934069337385214
GP_parsimony,7,27,0.45934069337385214
GP_parsimony,7,28,0.45934069337385214
GP_parsimony,7,29,0.45934069337385214
GP_parsimony,7,30,0.45934069337385214
GP_parsimony,7,31,0.45934069337385214
GP_parsimony,7,32,0.45934069337385214
GP_parsimony,7,33,0.45934069337385214
GP_parsimony,7,34,0.45934069337385214
GP_parsimony,7,35,0.45934069337385214
GP_parsimony,7,36,0.4188890580708667
GP_parsimony,7,37,0.4188890580708667
GP_parsimony,7,38,0.4188890580708667
GP_parsimony,7,39,0.4188890580708667
GP_parsimony,7,40,0.4188890580708667
GP_parsimony,7,41,0.4188890580708667
GP_parsimony,7,42,0.4188890580708667
GP_parsimony,7,43,0.4188890580708667
GP_parsimony,7,44,0.4188890580708667
GP_parsimony,7,45,0.4188617125976234
GP_parsimony,7,46,0.4188617125976234
GP_parsimony,7,47,0.4188617125976234
GP_parsimony,7,48,0.4188617125976234
GP_parsimony,7,49,0.4188617125976234
GP_parsimony,7,50,0.4188617125976234
GP_parsimony,7,51,0.4188617125976234
GP_parsimony,7,52,0.4188617125976234
GP_parsimony,7,53,0.4188617125976234
GP_parsimony,7,54,0.4188617125976234
GP_parsimony,7,55,0.4188617125976234
GP_parsimony,7,56,0.4188617125976234
GP_parsimony,7,57,0.4188617125976234
GP_parsimony,7,58,0.4188617125976234
GP_parsimony,7,59,0.4188617125976234
GP_parsimony,7,60,0.4188617125976234
GP_parsimony,7,61,0.4188617125976234
GP_parsimony,7,62,0.4188617125976234
GP_parsimony,7,63,0.4188617125976234
GP_parsimony,8,0,0.5305972611971347
GP_parsimony,8,1,0.5305972611971347
GP_parsimony,8,2,0.5305972611971346
GP_parsimony,8,3,0.5305972611971346
GP_parsimony,8,4,0.5305972611971346
GP_parsimony,8,5,0.5305972611971346
GP_parsimony,8,6,0.5305972611971347
GP_parsimony,8,7,0.5305972611971347
GP_parsimony,8,8,0.5305972611971347
GP_parsimony,8,9,0.5305972611971347
GP_parsimony,8,10,0.5305972611971347
GP_parsimony,8,11,0.5305972611971347
GP_parsimony,8,12,0.5305972611971347
GP_parsimony,8,13,0.5305972611971347
GP_parsimony,8,14,0.5305972611971347
GP_parsimony,8,15,0.5305972611971347
GP_parsimony,8,16,0.4185534110347048
GP_parsimony,8,17,0.4185534110347048
GP_parsimony,8,18,0.4185534110347048
GP_parsimony,8,19,0.4185534110347048
GP_parsimony,8,20,0.4185534110347048
GP_parsimony,8,21,0.4185534110347048
GP_parsimony,8,22,0.4185534110347048
GP_parsimony,8,23,0.4185534110347048
GP_parsimony,8,24,0.4185534110347048
GP_parsimony,8,25,0.4185534110347048
GP_parsimony,8,26,0.4185534110347048
GP_parsimony,8,27,0.4185534110347048
GP_parsimony,8,28,0.4185534110347048
GP_parsimony,8,29,0.4185534110347048
GP_parsimony,8,30,0.4185534110347048
GP_parsimony,8,31,0.4185534110347048
GP_parsimony,8,32,0.4185534110347048
GP_parsimony,8,33,0.4185534110347048
GP_parsimony,8,34,0.4185534110347048
GP_parsimony,8,35,0.4185534110347048
GP_parsimony,8,36,0.4185534110347048
GP_parsimony,8,37,0.4185534110347048
GP_parsimony,8,38,0.4185534110347048
GP_parsimony,8,39,0.4185534110347048
GP_parsimony,8,40,0.4185534110347048
GP_parsimony,8,41,0.4185534110347048
GP_parsimony,8,42,0.4185534110347048
GP_parsimony,8,43,0.4185534110347048
GP_parsimony,8,44,0.4185534110347048
GP_parsimony,8,45,0.4185534110347048
GP_parsimony,8,46,0.4185534110347048
GP_parsimony,8,47,0.4185534110347048
GP_parsimony,8,48,0.4185534110347048
GP_parsimony,8,49,0.4185534110347048
GP_parsimony,8,50,0.4185534110347048
GP_parsimony,8,51,0.4185534110347048
GP_parsimony,8,52,0.4185534110347048
GP_parsimony,8,53,0.4185534110347048
GP_parsimony,8,54,0.4185534110347048
GP_parsimony,8,55,0.4185534110347048
GP_parsimony,8,56,0.4185534110347048
GP_parsimony,8,57,0.4185534110347048
GP_parsimony,8,58,0.4185534110347048
GP_parsimony,8,59,0.4185534110347048
GP_parsimony,8,60,0.4185534110347048
GP_parsimony,8,61,0.4185534110347048
GP_parsimony,8,62,0.4185534110347048
GP_parsimony,8,63,0.4185534110347048
GP_parsimony,9,0,1.745113008811353
GP_parsimony,9,1,0.5305972611971347
GP_parsimony,9,2,0.5305972611971347
GP_parsimony,9,3,0.5305972611971347
GP_parsimony,9,4,0.5305972611971347
GP_parsimony,9,5,0.5305972611971347
GP_parsimony,9,6,0.5305972611971347
GP_parsimony,9,7,0.5305972611971347
GP_parsimony,9,8,0.5305972611971347
GP_parsimony,9,9,0.5305972611971347
GP_parsimony,9,10,0.5305972611971347
GP_parsimony,9,11,0.5305972611971347
GP_parsimony,9,12,0.5305972611971347
GP_parsimony,9,13,0.5305972611971347
GP_parsimony,9,14,0.5305972611971347
GP_parsimony,9,15,0.5305972611971347
GP_parsimony,9,16,0.5305972611971347
GP_parsimony,9,17,0.5305972611971347
GP_parsimony,9,18,0.5305972611971347
GP_parsimony,9,19,0.5305972611971347
GP_parsimony,9,20,0.5305972611971347
GP_parsimony,9,21,0.5305972611971347
GP_parsimony,9,22,0.5305972611971347
GP_parsimony,9,23,0.5305972611971347
GP_parsimony,9,24,0.5305972611971347
GP_parsimony,9,25,0.5305972611971347
GP_parsimony,9,26,0.5305972611971347
GP_parsimony,9,27,0.5305972611971347
GP_parsimony,9,28,0.5305972611971347
GP_parsimony,9,29,0.5305972611971347
GP_parsimony,9,30,0.5305972611971347
GP_parsimony,9,31,0.5305972611971347
GP_parsimony,9,32,0.5305972611971347
GP_parsimony,9,33,0.5305972611971347
GP_parsimony,9,34,0.5305972611971347
GP_parsimony,9,35,0.5305972611971347
GP_parsimony,9,36,0.5305972611971347
GP_parsimony,9,37,0.5305972611971347
GP_parsimony,9,38,0.5305972611971347
GP_parsimony,9,39,0.5305972611971347
GP_parsimony,9,40,0.5305972611971347
GP_parsimony,9,41,0.5305972611971347
GP_parsimony,9,42,0.5305972611971347
GP_parsimony,9,43,0.5305972611971347
GP_parsimony,9,44,0.5305972611971347
GP_parsimony,9,45,0.5305972611971347
GP_parsimony,9,46,0.5230937035629675
GP_parsimony,9,47,0.5230937035629675
GP_parsimony,9,48,0.5230937035629675
GP_parsimony,9,49,0.5230937035629675
GP_parsimony,9,50,0.5230937035629675
GP_parsimony,9,51,0.5230937035629675
GP_parsimony,9,52,0.5230937035629675
GP_parsimony,9,53,0.5230937035629675
GP_parsimony,9,54,0.5230937035629675
GP_parsimony,9,55,0.5230937035629675
GP_parsimony,9,56,0.5230937035629675
GP_parsimony,9,57,0.5230937035629675
GP_parsimony,9,58,0.5230937035629675
GP_parsimony,9,59,0.5230937035629675
GP_parsimony,9,60,0.5230937035629675
GP_parsimony,9,61,0.5230937035629675
GP_parsimony,9,62,0.5230937035629675
GP_parsimony,9,63,0.5230937035629675
GP_parsimony,10,0,0.5305972611971347
GP_parsimony,10,1,0.5305972611971347
GP_parsimony,10,2,0.5305972611971347
GP_parsimony,10,3,0.5305972611971347
GP_parsimony,10,4,0.5305972611971347
GP_parsimony,10,5,0.5299393021264649
GP_parsimony,10,6,0.44020233826667365
GP_parsimony,10,7,0.44020233826667365
GP_parsimony,10,8,0.44020233826667365
GP_parsimony,10,9,0.44020233826667365
GP_parsimony,10,10,0.44020233826667365
GP_parsimony,10,11,0.44020233826667365
GP_parsimony,10,12,0.44020233826667365
GP_parsimony,10,13,0.41911278341581915
GP_parsimony,10,14,0.41911278341581915
GP_parsimony,10,15,0.41911278341581915
GP_parsimony,10,16,0.41911278341581915
GP_parsimony,10,17,0.41911278341581915
GP_parsimony,10,18,0.41911278341581915
GP_parsimony,10,19,0.41911278341581915
GP_parsimony,10,20,0.41911278341581915
GP_parsimony,10,21,0.41911278341581915
GP_parsimony,10,22,0.41911278341581915
GP_parsimony,10,23,0.41911278341581915
GP_parsimony,10,24,0.41911278341581915
GP_parsimony,10,25,0.41911278341581915
GP_parsimony,10,26,0.41911278341581915
GP_parsimony,10,27,0.41911278341581915
GP_parsimony,10,28,0.41911278341581915
GP_parsimony,10,29,0.41911278341581915
GP_parsimony,10,30,0.41911278341581915
GP_parsimony,10,31,0.41911278341581915
GP_parsimony,10,32,0.41911278341581915
GP_parsimony,10,33,0.41911278341581915
GP_parsimony,10,34,0.41911278341581915
GP_parsimony,10,35,0.41911278341581915
GP_parsimony,10,36,0.41911278341581915
GP_parsimony,10,37,0.41911278341581915
GP_parsimony,10,38,0.41911278341581915
GP_parsimony,10,39,0.41911278341581915
GP_parsimony,10,40,0.41911278341581915
GP_parsimony,10,41,0.41911278341581915
GP_parsimony,10,42,0.41911278341581915
GP_parsimony,10,43,0.41911278341581915
GP_parsimony,10,44,0.41911278341581915
GP_parsimony,10,45,0.41911278341581915
GP_parsimony,10,46,0.41911278341581915
GP_parsimony,10,47,0.41911278341581915
GP_parsimony,10,48,0.41911278341581915
GP_parsimony,10,49,0.41911278341581915
GP_parsimony,10,50,0.41911278341581915
GP_parsimony,10,51,0.41911278341581915
GP_parsimony,10,52,0.41911278341581915
GP_parsimony,10,53,0.41911278341581915
GP_parsimony,10,54,0.41911278341581915
GP_parsimony,10,55,0.41911278341581915
GP_parsimony,10,56,0.41911278341581915
GP_parsimony,10,57,0.41911278341581915
GP_parsimony,10,58,0.41911278341581915
GP_parsimony,10,59,0.41911278341581915
GP_parsimony,10,60,0.41911278341581915
GP_parsimony,10,61,0.41911278341581915
GP_parsimony,10,62,0.41911278341581915
GP_parsimony,10,63,0.41911278341581915
GP_parsimony,11,0,1.0386526671986707
GP_parsimony,11,1,1.0386526671986707
GP_parsimony,11,2,0.5305972611971347
GP_parsimony,11,3,0.5305972611971347
GP_parsimony,11,4,0.3810412513394307
GP_parsimony,11,5,0.3810412513394307
GP_parsimony,11,6,0.3465558861283538
GP_parsimony,11,7,0.3465558861283538
GP_parsimony,11,8,0.3465558861283538
GP_parsimony,11,9,0.3465558861283538
GP_parsimony,11,10,0.3465558861283538
GP_parsimony,11,11,0.3465558861283538
GP_parsimony,11,12,0.3465558861283538
GP_parsimony,11,13,0.3465558861283538
GP_parsimony,11,14,0.33144641583987955
GP_parsimony,11,15,0.33144641583987955
GP_parsimony,11,16,0.33144641583987955
GP_parsimony,11,17,0.33144641583987955
GP_parsimony,11,18,0.33144641583987955
GP_parsimony,11,19,0.33144641583987955
GP_parsimony,11,20,0.33144641583987955
GP_parsimony,11,21,0.33144641583987955
GP_parsimony,11,22,0.33144641583987955
GP_parsimony,11,23,0.33144641583987955
GP_parsimony,11,24,0.33144641583987955
GP_parsimony,11,25,0.33144641583987955
GP_parsimony,11,26,0.33144641583987955
GP_parsimony,11,27,0.33144641583987955
GP_parsimony,11,28,0.33144641583987955
GP_parsimony,11,29,0.33144641583987955
GP_parsimony,11,30,0.33144641583987955
GP_parsimony,11,31,0.33144641583987955
GP_parsimony,11,32,0.33144641583987955
GP_parsimony,11,33,0.33144641583987955
GP_parsimony,11,34,0.33144641583987955
GP_parsimony,11,35,0.33144641583987955
GP_parsimony,11,36,0.33144641583987955
GP_parsimony,11,37,0.33144641583987955
GP_parsimony,11,38,0.33144641583987955
GP_parsimony,11,39,0.33144641583987955
GP_parsimony,11,40,0.33144641583987955
GP_parsimony,11,41,0.33144641583987955
GP_parsimony,11,42,0.33144641583987955
GP_parsimony,11,43,0.33144641583987955
GP_parsimony,11,44,0.33144641583987955
GP_parsimony,11,45,0.33144641583987955
GP_parsimony,11,46,0.33144641583987955
GP_parsimony,11,47,0.33144641583987955
GP_parsimony,11,48,0.33144641583987955
GP_parsimony,11,49,0.33144641583987955
GP_parsimony,11,50,0.33144641583987955
GP_parsimony,11,51,0.33144641583987955
GP_parsimony,11,52,0.33144641583987955
GP_parsimony,11,53,0.33144641583987955
GP_parsimony,11,54,0.33144641583987955
GP_parsimony,11,55,0.33144641583987955
GP_parsimony,11,56,0.33144641583987955
GP_parsimony,11,57,0.33144641583987955
GP_parsimony,11,58,0.33144641583987955
GP_parsimony,11,59,0.33144641583987955
GP_parsimony,11,60,0.33144641583987955
GP_parsimony,11,61,0.33144641583987955
GP_parsimony,11,62,0.33144641583987955
GP_parsimony,11,63,0.33144641583987955
GP_parsimony,12,0,1.3445389922218345
GP_parsimony,12,1,0.5305972611971347
GP_parsimony,12,2,0.5305972611971347
GP_parsimony,12,3,0.52078760660062
GP_parsimony,12,4,0.52078760660062
GP_parsimony,12,5,0.52078760660062
GP_parsimony,12,6,0.52078760660062
GP_parsimony,12,7,0.52078760660062
GP_parsimony,12,8,0.52078760660062
GP_parsimony,12,9,0.52078760660062
GP_parsimony,12,10,0.52078760660062
GP_parsimony,12,11,0.52078760660062
GP_parsimony,12,12,0.52078760660062
GP_parsimony,12,13,0.52078760660062
GP_parsimony,12,14,0.52078760660062
GP_parsimony,12,15,0.52078760660062
GP_parsimony,12,16,0.52078760660062
GP_parsimony,12,17,0.52078760660062
GP_parsimony,12,18,0.52078760660062
GP_parsimony,12,19,0.52078760660062
GP_parsimony,12,20,0.52078760660062
GP_parsimony,12,21,0.52078760660062
GP_parsimony,12,22,0.52078760660062
GP_parsimony,12,23,0.52078760660062
GP_parsimony,12,24,0.52078760660062
GP_parsimony,12,25,0.52078760660062
GP_parsimony,12,26,0.52078760660062
GP_parsimony,12,27,0.52078760660062
GP_parsimony,12,28,0.52078760660062
GP_parsimony,12,29,0.52078760660062
GP_parsimony,12,30,0.52078760660062
GP_parsimony,12,31,0.52078760660062
GP_parsimony,12,32,0.52078760660062
GP_parsimony,12,33,0.44011586071204634
GP_parsimony,12,34,0.44011586071204634
GP_parsimony,12,35,0.44011586071204634
GP_parsimony,12,36,0.44011586071204634
GP_parsimony,12,37,0.44011586071204634
GP_parsimony,12,38,0.44011586071204634
GP_parsimony,12,39,0.42577852407606104
GP_parsimony,12,40,0.42577852407606104
GP_parsimony,12,41,0.42577852407606104
GP_parsimony,12,42,0.41985163125858604
GP_parsimony,12,43,0.41985163125858604
GP_parsimony,12,44,0.41985163125858604
GP_parsimony,12,45,0.41985163125858604
GP_parsimony,12,46,0.4185529246162955
GP_parsimony,12,47,0.4185529246162955
GP_parsimony,12,48,0.41985163125858604
GP_parsimony,12,49,0.41985163125858604
GP_parsimony,12,50,0.41985163125858604
GP_parsimony,12,51,0.41985163125858604
GP_parsimony,12,52,0.41985163125858604
GP_parsimony,12,53,0.41985163125858604
GP_parsimony,12,54,0.41985163125858604
GP_parsimony,12,55,0.41985163125858604
GP_parsimony,12,56,0.41985163125858604
GP_parsimony,12,57,0.41985163125858604
GP_parsimony,12,58,0.41985163125858604
GP_parsimony,12,59,0.41985163125858604
GP_parsimony,12,60,0.41985163125858604
GP_parsimony,12,61,0.41985163125858604
GP_parsimony,12,62,0.41985163125858604
GP_parsimony,12,63,0.41985163125858604
GP_parsimony,13,0,0.5305972611971347
GP_parsimony,13,1,0.5305972611971347
GP_parsimony,13,2,0.5305972611971347
GP_parsimony,13,3,0.2185097231440724
GP_parsimony,13,4,0.2185097231440724
GP_parsimony,13,5,0.2185097231440724
GP_parsimony,13,6,0.2185097231440724
GP_parsimony,13,7,0.2185097231440724
GP_parsimony,13,8,0.20507184266968778
GP_parsimony,13,9,0.20507184266968778
GP_parsimony,13,10,0.20507184266968778
GP_parsimony,13,11,0.20392279988389253
GP_parsimony,13,12,0.20392279988389253
GP_parsimony,13,13,0.20507184266968778
GP_parsimony,13,14,0.20507184266968778
GP_parsimony,13,15,0.043220754049358386
GP_parsimony,13,16,0.043220754049358386
GP_parsimony,13,17,0.043220754049358386
GP_parsimony,13,18,0.043220754049358386
GP_parsimony,13,19,0.043220754049358386
GP_parsimony,13,20,0.0029203076058516384
GP_parsimony,13,21,0.0029203076058516384
GP_parsimony,13,22,0.0029203076058516384
GP_parsimony,13,23,0.0029203076058516384
GP_parsimony,13,24,0.0029203076058516384
GP_parsimony,13,25,0.0029203076058516384
GP_parsimony,13,26,0.0029203076058516384
GP_parsimony,13,27,0.0029203076058516384
GP_parsimony,13,28,0.0029203076058516384
GP_parsimony,13,29,0.0029203076058516384
GP_parsimony,13,30,0.0029203076058516384
GP_parsimony,13,31,0.0029203076058516384
GP_parsimony,13,32,0.0029203076058516384
GP_parsimony,13,33,0.0029203076058516384
GP_parsimony,13,34,0.0029203076058516384
GP_parsimony,13,35,0.0029203076058516384
GP_parsimony,13,36,0.0029203076058516384
GP_parsimony,13,37,0.0029203076058516384
GP_parsimony,13,38,0.0029203076058516384
GP_parsimony,13,39,0.0029203076058516384
GP_parsimony,13,40,0.0029203076058516384
GP_parsimony,13,41,0.0029203076058516384
GP_parsimony,13,42,0.0029203076058516384
GP_parsimony,13,43,0.0029203076058516384
GP_parsimony,13,44,0.0029203076058516384
GP_parsimony,13,45,0.0029203076058516384
GP_parsimony,13,46,0.0029203076058516384
GP_parsimony,13,47,0.0029203076058516384
GP_parsimony,13,48,0.0029203076058516384
GP_parsimony,13,49,0.0029203076058516384
GP_parsimony,13,50,0.0029203076058516384
GP_parsimony,13,51,0.0029203076058516384
GP_parsimony,13,52,0.0029203076058516384
GP_parsimony,13,53,0.0029203076058516384
GP_parsimony,13,54,0.0029203076058516384
GP_parsimony,13,55,0.0029203076058516384
GP_parsimony,13,56,0.0029203076058516384
GP_parsimony,13,57,0.0029203076058516384
GP_parsimony,13,58,0.0029203076058516384
GP_parsimony,13,59,0.0029203076058516384
GP_parsimony,13,60,0.0029203076058516384
GP_parsimony,13,61,0.0029203076058516384
GP_parsimony,13,62,0.0029203076058516384
GP_parsimony,13,63,0.0029203076058516384
GP_parsimony,14,0,0.7560419159504714
GP_parsimony,14,1,0.7560419159504714
GP_parsimony,14,2,0.7560419159504714
GP_parsimony,14,3,0.4738917193594871
GP_parsimony,14,4,0.41790384154207133
GP_parsimony,14,5,0.33050640931814146
GP_parsimony,14,6,0.33050640931814146
GP_parsimony,14,7,0.33050640931814146
GP_parsimony,14,8,0.33050640931814146
GP_parsimony,14,9,0.33050640931814146
GP_parsimony,14,10,0.33050640931814146
GP_parsimony,14,11,0.33050640931814146
GP_parsimony,14,12,0.32543213628813167
GP_parsimony,14,13,0.32543213628813167
GP_parsimony,14,14,0.32543213628813167
GP_parsimony,14,15,0.32543213628813167
GP_parsimony,14,16,0.33050640931814146
GP_parsimony,14,17,0.33050640931814146
GP_parsimony,14,18,0.33050640931814146
GP_parsimony,14,19,0.33050640931814146
GP_parsimony,14,20,0.33050640931814146
GP_parsimony,14,21,0.33050640931814146
GP_parsimony,14,22,0.33050640931814146
GP_parsimony,14,23,0.33050640931814146
GP_parsimony,14,24,0.3304034353237518
GP_parsimony,14,25,0.3304034353237518
GP_parsimony,14,26,0.3304034353237518
GP_parsimony,14,27,0.3304034353237518
GP_parsimony,14,28,0.3304034353237518
GP_parsimony,14,29,0.33050640931814146
GP_parsimony,14,30,0.33050640931814146
GP_parsimony,14,31,0.33050640931814146
GP_parsimony,14,32,0.24401865412674095
GP_parsimony,14,33,0.24401865412674095
GP_parsimony,14,34,0.24401865412674095
GP_parsimony,14,35,0.24401865412674095
GP_parsimony,14,36,0.24401865412674095
GP_parsimony,14,37,0.24401865412674095
GP_parsimony,14,38,0.2408175369040486
GP_parsimony,14,39,0.2408175369040486
GP_parsimony,14,40,0.1595723563399102
GP_parsimony,14,41,0.1595723563399102
GP_parsimony,14,42,0.1595723563399102
GP_parsimony,14,43,0.15328557597152404
GP_parsimony,14,44,0.06916645613997145
GP_parsimony,14,45,0.06916645613997145
GP_parsimony,14,46,0.06916645613997145
GP_parsimony,14,47,0.06916645613997145
GP_parsimony,14,48,0.06916645613997145
GP_parsimony,14,49,0.06916645613997145
GP_parsimony,14,50,0.06916645613997145
GP_parsimony,14,51,0.05858171532308051
GP_parsimony,14,52,0.05858171532308051
GP_parsimony,14,53,0.05858171532308051
GP_parsimony,14,54,0.05858171532308051
GP_parsimony,14,55,0.05858171532308051
GP_parsimony,14,56,0.05858171532308051
GP_parsimony,14,57,0.05858171532308051
GP_parsimony,14,58,0.05858171532308051
GP_parsimony,14,59,0.05858171532308051
GP_parsimony,14,60,0.05858171532308051
GP_parsimony,14,61,0.05858171532308051
GP_parsimony,14,62,0.05858171532308051
GP_parsimony,14,63,0.05858171532308051
GP_parsimony,15,0,0.5252441290366349
GP_parsimony,15,1,0.5252441290366349
GP_parsimony,15,2,0.5252441290366349
GP_parsimony,15,3,0.5252441290366349
GP_parsimony,15,4,0.5252441290366349
GP_parsimony,15,5,0.5035979188222414
GP_parsimony,15,6,0.5035979188222414
GP_parsimony,15,7,0.5035979188222414
GP_parsimony,15,8,0.5305972611971347
GP_parsimony,15,9,0.5063726055249522
GP_parsimony,15,10,0.5063726055249522
GP_parsimony,15,11,0.5063726055249522
GP_parsimony,15,12,0.5063726055249522
GP_parsimony,15,13,0.5063726055249522
GP_parsimony,15,14,0.5063726055249522
GP_parsimony,15,15,0.434536114067183
GP_parsimony,15,16,0.434536114067183
GP_parsimony,15,17,0.43000928280920925
GP_parsimony,15,18,0.4241977890702732
GP_parsimony,15,19,0.4189535967961824
GP_parsimony,15,20,0.4189535967961824
GP_parsimony,15,21,0.4189535967961824
GP_parsimony,15,22,0.4189535967961824
GP_parsimony,15,23,0.4189535967961824
GP_parsimony,15,24,0.4189535967961824
GP_parsimony,15,25,0.4189535967961824
GP_parsimony,15,26,0.4189535967961824
GP_parsimony,15,27,0.4189535967961824
GP_parsimony,15,28,0.4197411637609613
GP_parsimony,15,29,0.4197411637609613
GP_parsimony,15,30,0.4197411637609613
GP_parsimony,15,31,0.4197411637609613
GP_parsimony,15,32,0.4197411637609613
GP_parsimony,15,33,0.4197411637609613
GP_parsimony,15,34,0.4197411637609613
GP_parsimony,15,35,0.4198962182790925
GP_parsimony,15,36,0.4198962182790925
GP_parsimony,15,37,0.4198962182790925
GP_parsimony,15,38,0.4198962182790925
GP_parsimony,15,39,0.4198962182790925
GP_parsimony,15,40,0.4198962182790925
GP_parsimony,15,41,0.4198962182790925
GP_parsimony,15,42,0.4198962182790925
GP_parsimony,15,43,0.4198962182790925
GP_parsimony,15,44,0.4198962182790925
GP_parsimony,15,45,0.4198962182790925
GP_parsimony,15,46,0.4198962182790925
GP_parsimony,15,47,0.4198962182790925
GP_parsimony,15,48,0.4198962182790925
GP_parsimony,15,49,0.4198962182790925
GP_parsimony,15,50,0.4198962182790925
GP_parsimony,15,51,0.4198962182790925
GP_parsimony,15,52,0.4198962182790925
GP_parsimony,15,53,0.4198962182790925
GP_parsimony,15,54,0.4198962182790925
GP_parsimony,15,55,0.4198962182790925
GP_parsimony,15,56,0.4198962182790925
GP_parsimony,15,57,0.4198962182790925
GP_parsimony,15,58,0.4198962182790925
GP_parsimony,15,59,0.4198962182790925
GP_parsimony,15,60,0.4198962182790925
GP_parsimony,15,61,0.4198962182790925
GP_parsimony,15,62,0.4198962182790925
GP_parsimony,15,63,0.4198962182790925
GP_parsimony,16,0,1.132411579082695
GP_parsimony,16,1,1.132411579082695
GP_parsimony,16,2,0.9936657438087358
GP_parsimony,16,3,0.5305972611971347
GP_parsimony,16,4,0.5305972611971347
GP_parsimony,16,5,0.5305972611971347
GP_parsimony,16,6,0.5305972611971347
GP_parsimony,16,7,0.5279480238857425
GP_parsimony,16,8,0.5305972611971347
GP_parsimony,16,9,0.4187002683843313
GP_parsimony,16,10,0.4187002683843313
GP_parsimony,16,11,0.4187002683843313
GP_parsimony,16,12,0.4187002683843313
GP_parsimony,16,13,0.4187002683843313
GP_parsimony,16,14,0.4187002683843313
GP_parsimony,16,15,0.4187002683843313
GP_parsimony,16,16,0.4187002683843313
GP_parsimony,16,17,0.4187002683843313
GP_parsimony,16,18,0.4187002683843313
GP_parsimony,16,19,0.4187002683843313
GP_parsimony,16,20,0.4187002683843313
GP_parsimony,16,21,0.4187002683843313
GP_parsimony,16,22,0.4187002683843313
GP_parsimony,16,23,0.4187002683843313
GP_parsimony,16,24,0.4187002683843313
GP_parsimony,16,25,0.4187002683843313
GP_parsimony,16,26,0.4187002683843313
GP_parsimony,16,27,0.4187002683843313
GP_parsimony,16,28,0.4187002683843313
GP_parsimony,16,29,0.4187002683843313
GP_parsimony,16,30,0.4187002683843313
GP_parsimony,16,31,0.4187002683843313
GP_parsimony,16,32,0.4187002683843313
GP_parsimony,16,33,0.4187002683843313
GP_parsimony,16,34,0.4187002683843313
GP_parsimony,16,35,0.4187002683843313
GP_parsimony,16,36,0.4187002683843313
GP_parsimony,16,37,0.4187002683843313
GP_parsimony,16,38,0.4187002683843313
GP_parsimony,16,39,0.4187002683843313
GP_parsimony,16,40,0.4187002683843313
GP_parsimony,16,41,0.4187002683843313
GP_parsimony,16,42,0.4187002683843313
GP_parsimony,16,43,0.4187002683843313
GP_parsimony,16,44,0.4187002683843313
GP_parsimony,16,45,0.4187002683843313
GP_parsimony,16,46,0.4187002683843313
GP_parsimony,16,47,0.4187002683843313
GP_parsimony,16,48,0.4187002683843313
GP_parsimony,16,49,0.4187002683843313
GP_parsimony,16,50,0.4187002683843313
GP_parsimony,16,51,0.4187002683843313
GP_parsimony,16,52,0.4187002683843313
GP_parsimony,16,53,0.4187002683843313
GP_parsimony,16,54,0.4187002683843313
GP_parsimony,16,55,0.4187002683843313
GP_parsimony,16,56,0.4187002683843313
GP_parsimony,16,57,0.4187002683843313
GP_parsimony,16,58,0.4187002683843313
GP_parsimony,16,59,0.4187002683843313
GP_parsimony,16,60,0.4187002683843313
GP_parsimony,16,61,0.4187002683843313
GP_parsimony,16,62,0.4187002683843313
GP_parsimony,16,63,0.4187002683843313
GP_parsimony,17,0,1.2233138604888016
GP_parsimony,17,1,1.0784330260642563
GP_parsimony,17,2,0.5305972611971347
GP_parsimony,17,3,0.5305972611971347
GP_parsimony,17,4,0.5305972611971347
GP_parsimony,17,5,0.5305972611971347
GP_parsimony,17,6,0.5305972611971347
GP_parsimony,17,7,0.5305972611971347
GP_parsimony,17,8,0.5305972611971347
GP_parsimony,17,9,0.5305972611971347
GP_parsimony,17,10,0.5305972611971347
GP_parsimony,17,11,0.5305972611971347
GP_parsimony,17,12,0.5305972611971347
GP_parsimony,17,13,0.5305972611971347
GP_parsimony,17,14,0.5305972611971347
GP_parsimony,17,15,0.5305972611971347
GP_parsimony,17,16,0.5305972611971347
GP_parsimony,17,17,0.5305972611971347
GP_parsimony,17,18,0.5305972611971347
GP_parsimony,17,19,0.5305972611971347
GP_parsimony,17,20,0.5305972611971347
GP_parsimony,17,21,0.5305972611971347
GP_parsimony,17,22,0.5305972611971347
GP_parsimony,17,23,0.5305972611971347
GP_parsimony,17,24,0.5305972611971347
GP_parsimony,17,25,0.5305972611971347
GP_parsimony,17,26,0.5305972611971347
GP_parsimony,17,27,0.5305972611971347
GP_parsimony,17,28,0.5305972611971347
GP_parsimony,17,29,0.5305972611971347
GP_parsimony,17,30,0.5305972611971347
GP_parsimony,17,31,0.5305972611971347
GP_parsimony,17,32,0.5305972611971347
GP_parsimony,17,33,0.5305972611971347
GP_parsimony,17,34,0.5305972611971347
GP_parsimony,17,35,0.5305972611971347
GP_parsimony,17,36,0.5305972611971347
GP_parsimony,17,37,0.5305972611971347
GP_parsimony,17,38,0.5305972611971347
GP_parsimony,17,39,0.5305972611971347
GP_parsimony,17,40,0.5305972611971347
GP_parsimony,17,41,0.5305972611971347
GP_parsimony,17,42,0.5305972611971347
GP_parsimony,17,43,0.5305972611971347
GP_parsimony,17,44,0.5305972611971347
GP_parsimony,17,45,0.5305972611971347
GP_parsimony,17,46,0.5305972611971347
GP_parsimony,17,47,0.5305972611971347
GP_parsimony,17,48,0.5305972611971347
GP_parsimony,17,49,0.5305972611971347
GP_parsimony,17,50,0.5305972611971347
GP_parsimony,17,51,0.5305972611971347
GP_parsimony,17,52,0.5305972611971347
GP_parsimony,17,53,0.5305972611971347
GP_parsimony,17,54,0.5305972611971347
GP_parsimony,17,55,0.5305972611971347
GP_parsimony,17,56,0.5305972611971347
GP_parsimony,17,57,0.5305972611971347
GP_parsimony,17,58,0.5305972611971347
GP_parsimony,17,59,0.5305972611971347
GP_parsimony,17,60,0.5305972611971347
GP_parsimony,17,61,0.5305972611971347
GP_parsimony,17,62,0.5305972611971347
GP_parsimony,17,63,0.5305972611971347
GP_parsimony,18,0,1.2828083210888417
GP_parsimony,18,1,1.2828083210888417
GP_parsimony,18,2,0.8530281762353554
GP_parsimony,18,3,0.8530281762353554
GP_parsimony,18,4,0.5305972611971346
GP_parsimony,18,5,0.5305972611971346
GP_parsimony,18,6,0.5305972611971346
GP_parsimony,18,7,0.5305972611971346
GP_parsimony,18,8,0.5305972611971346
GP_parsimony,18,9,0.5305972611971346
GP_parsimony,18,10,0.5262497567425809
GP_parsimony,18,11,0.5305972611971347
GP_parsimony,18,12,0.5305972611971347
GP_parsimony,18,13,0.43686892748186623
GP_parsimony,18,14,0.43686892748186623
GP_parsimony,18,15,0.43686892748186623
GP_parsimony,18,16,0.43686892748186623
GP_parsimony,18,17,0.4226315856583183
GP_parsimony,18,18,0.42167901475975056
GP_parsimony,18,19,0.42167901475975056
GP_parsimony,18,20,0.4226315856583183
GP_parsimony,18,21,0.4226315856583183
GP_parsimony,18,22,0.4226315856583183
GP_parsimony,18,23,0.4226315856583183
GP_parsimony,18,24,0.4201695093110241
GP_parsimony,18,25,0.4201695093110241
GP_parsimony,18,26,0.4201695093110241
GP_parsimony,18,27,0.4201695093110241
GP_parsimony,18,28,0.4201695093110241
GP_parsimony,18,29,0.4201695093110241
GP_parsimony,18,30,0.4201695093110241
GP_parsimony,18,31,0.4201695093110241
GP_parsimony,18,32,0.4201695093110241
GP_parsimony,18,33,0.4201695093110241
GP_parsimony,18,34,0.4201695093110241
GP_parsimony,18,35,0.4201695093110241
GP_parsimony,18,36,0.4201695093110241
GP_parsimony,18,37,0.4201695093110241
GP_parsimony,18,38,0.4201695093110241
GP_parsimony,18,39,0.4201695093110241
GP_parsimony,18,40,0.4201695093110241
GP_parsimony,18,41,0.4201695093110241
GP_parsimony,18,42,0.4201695093110241
GP_parsimony,18,43,0.4201695093110241
GP_parsimony,18,44,0.4201695093110241
GP_parsimony,18,45,0.4201695093110241
GP_parsimony,18,46,0.4201695093110241
GP_parsimony,18,47,0.4201695093110241
GP_parsimony,18,48,0.4201695093110241
GP_parsimony,18,49,0.4201695093110241
GP_parsimony,18,50,0.4201695093110241
GP_parsimony,18,51,0.4201695093110241
GP_parsimony,18,52,0.4201695093110241
GP_parsimony,18,53,0.4201695093110241
GP_parsimony,18,54,0.4201695093110241
GP_parsimony,18,55,0.4201695093110241
GP_parsimony,18,56,0.4201695093110241
GP_parsimony,18,57,0.4201695093110241
GP_parsimony,18,58,0.4201695093110241
GP_parsimony,18,59,0.4201695093110241
GP_parsimony,18,60,0.4201695093110241
GP_parsimony,18,61,0.4201695093110241
GP_parsimony,18,62,0.4201695093110241
GP_parsimony,18,63,0.4201695093110241
GP_parsimony,19,0,0.6076581344776045
GP_parsimony,19,1,0.6076581344776045
GP_parsimony,19,2,0.5305972611971347
GP_parsimony,19,3,0.5305972611971347
GP_parsimony,19,4,0.5305972611971347
GP_parsimony,19,5,0.4878852357264909
GP_parsimony,19,6,0.4878852357264909
GP_parsimony,19,7,0.4215131614913483
GP_parsimony,19,8,0.41855865129519976
GP_parsimony,19,9,0.41855865129519976
GP_parsimony,19,10,0.41855865129519976
GP_parsimony,19,11,0.41855865129519976
GP_parsimony,19,12,0.41855865129519976
GP_parsimony,19,13,0.41855865129519976
GP_parsimony,19,14,0.41855865129519976
GP_parsimony,19,15,0.41855865129519976
GP_parsimony,19,16,0.41855865129519976
GP_parsimony,19,17,0.41855865129519976
GP_parsimony,19,18,0.41855865129519976
GP_parsimony,19,19,0.41855865129519976
GP_parsimony,19,20,0.41855865129519976
GP_parsimony,19,21,0.41855865129519976
GP_parsimony,19,22,0.41855865129519976
GP_parsimony,19,23,0.34662262787458537
GP_parsimony,19,24,0.34662262787458537
GP_parsimony,19,25,0.34662262787458537
GP_parsimony,19,26,0.34662262787458537
GP_parsimony,19,27,0.34662262787458537
GP_parsimony,19,28,0.34662262787458537
GP_parsimony,19,29,0.28691534752345144
GP_parsimony,19,30,0.28691534752345144
GP_parsimony,19,31,0.28691534752345144
GP_parsimony,19,32,0.28691534752345144
GP_parsimony,19,33,0.28691534752345144
GP_parsimony,19,34,0.28691534752345144
GP_parsimony,19,35,0.28691534752345144
GP_parsimony,19,36,0.28691534752345144
GP_parsimony,19,37,0.28691534752345144
GP_parsimony,19,38,0.28691534752345144
GP_parsimony,19,39,0.28691534752345144
GP_parsimony,19,40,0.28691534752345144
GP_parsimony,19,41,0.28691534752345144
GP_parsimony,19,42,0.28691534752345144
GP_parsimony,19,43,0.28691534752345144
GP_parsimony,19,44,0.28691534752345144
GP_parsimony,19,45,0.28691534752345144
GP_parsimony,19,46,0.28691534752345144
GP_parsimony,19,47,0.28691534752345144
GP_parsimony,19,48,0.28691534752345144
GP_parsimony,19,49,0.28691534752345144
GP_parsimony,19,50,0.28691534752345144
GP_parsimony,19,51,0.28691534752345144
GP_parsimony,19,52,0.28691534752345144
GP_parsimony,19,53,0.28691534752345144
GP_parsimony,19,54,0.28691534752345144
GP_parsimony,19,55,0.28691534752345144
GP_parsimony,19,56,0.28691534752345144
GP_parsimony,19,57,0.28691534752345144
GP_parsimony,19,58,0.28691534752345144
GP_parsimony,19,59,0.28691534752345144
GP_parsimony,19,60,0.28691534752345144
GP_parsimony,19,61,0.28691534752345144
GP_parsimony,19,62,0.28691534752345144
GP_parsimony,19,63,0.28691534752345144
GP_parsimony,20,0,0.41964797605242077
GP_parsimony,20,1,0.41964797605242077
GP_parsimony,20,2,0.41964797605242077
GP_parsimony,20,3,0.41964797605242077
GP_parsimony,20,4,0.41964797605242077
GP_parsimony,20,5,0.41964797605242077
GP_parsimony,20,6,0.41964797605242077
GP_parsimony,20,7,0.41964797605242077
GP_parsimony,20,8,0.41964797605242077
GP_parsimony,20,9,0.41964797605242077
GP_parsimony,20,10,0.41964797605242077
GP_parsimony,20,11,0.41964797605242077
GP_parsimony,20,12,0.41964797605242077
GP_parsimony,20,13,0.41964797605242077
GP_parsimony,20,14,0.41964797605242077
GP_parsimony,20,15,0.41964797605242077
GP_parsimony,20,16,0.41964797605242077
GP_parsimony,20,17,0.41964797605242077
GP_parsimony,20,18,0.41964797605242077
GP_parsimony,20,19,0.41964797605242077
GP_parsimony,20,20,0.41964797605242077
GP_parsimony,20,21,0.41964797605242077
GP_parsimony,20,22,0.41964797605242077
GP_parsimony,20,23,0.41964797605242077
GP_parsimony,20,24,0.41964797605242077
GP_parsimony,20,25,0.41964797605242077
GP_parsimony,20,26,0.41964797605242077
GP_parsimony,20,27,0.41964797605242077
GP_parsimony,20,28,0.41964797605242077
GP_parsimony,20,29,0.41964797605242077
GP_parsimony,20,30,0.41964797605242077
GP_parsimony,20,31,0.41964797605242077
GP_parsimony,20,32,0.41964797605242077
GP_parsimony,20,33,0.41964797605242077
GP_parsimony,20,34,0.41964797605242077
GP_parsimony,20,35,0.41964797605242077
GP_parsimony,20,36,0.41964797605242077
GP_parsimony,20,37,0.41964797605242077
GP_parsimony,20,38,0.41964797605242077
GP_parsimony,20,39,0.41964797605242077
GP_parsimony,20,40,0.41964797605242077
GP_parsimony,20,41,0.41964797605242077
GP_parsimony,20,42,0.41964797605242077
GP_parsimony,20,43,0.41964797605242077
GP_parsimony,20,44,0.41964797605242077
GP_parsimony,20,45,0.41964797605242077
GP_parsimony,20,46,0.41964797605242077
GP_parsimony,20,47,0.41964797605242077
GP_parsimony,20,48,0.41964797605242077
GP_parsimony,20,49,0.41964797605242077
GP_parsimony,20,50,0.41964797605242077
GP_parsimony,20,51,0.41964797605242077
GP_parsimony,20,52,0.41964797605242077
GP_parsimony,20,53,0.41964797605242077
GP_parsimony,20,54,0.41964797605242077
GP_parsimony,20,55,0.41964797605242077
GP_parsimony,20,56,0.41964797605242077
GP_parsimony,20,57,0.41964797605242077
GP_parsimony,20,58,0.41964797605242077
GP_parsimony,20,59,0.41964797605242077
GP_parsimony,20,60,0.41964797605242077
GP_parsimony,20,61,0.41964797605242077
GP_parsimony,20,62,0.41964797605242077
GP_parsimony,20,63,0.41964797605242077
GP_parsimony,21,0,0.9272179911684446
GP_parsimony,21,1,0.5305972611971347
GP_parsimony,21,2,0.5305972611971347
GP_parsimony,21,3,0.5305972611971347
GP_parsimony,21,4,0.5305972611971347
GP_parsimony,21,5,0.4649116528326841
GP_parsimony,21,6,0.4649116528326841
GP_parsimony,21,7,0.4649116528326841
GP_parsimony,21,8,0.45003450056841066
GP_parsimony,21,9,0.45003450056841066
GP_parsimony,21,10,0.45003450056841066
GP_parsimony,21,11,0.45003450056841066
GP_parsimony,21,12,0.43295158194898786
GP_parsimony,21,13,0.41870026838433133
GP_parsimony,21,14,0.41870026838433133
GP_parsimony,21,15,0.41870026838433133
GP_parsimony,21,16,0.41870026838433133
GP_parsimony,21,17,0.41870026838433133
GP_parsimony,21,18,0.41870026838433133
GP_parsimony,21,19,0.41870026838433133
GP_parsimony,21,20,0.41870026838433133
GP_parsimony,21,21,0.41870026838433133
GP_parsimony,21,22,0.41870026838433133
GP_parsimony,21,23,0.41870026838433133
GP_parsimony,21,24,0.41873152056674184
GP_parsimony,21,25,0.41873152056674184
GP_parsimony,21,26,0.41873152056674184
GP_parsimony,21,27,0.41873152056674184
GP_parsimony,21,28,0.41873152056674184
GP_parsimony,21,29,0.41873152056674184
GP_parsimony,21,30,0.41873152056674184
GP_parsimony,21,31,0.41873152056674184
GP_parsimony,21,32,0.3348790111363086
GP_parsimony,21,33,0.3348790111363086
GP_parsimony,21,34,0.3348790111363086
GP_parsimony,21,35,0.3348790111363086
GP_parsimony,21,36,0.3348790111363086
GP_parsimony,21,37,0.3348790111363086
GP_parsimony,21,38,0.3348790111363086
GP_parsimony,21,39,0.2953468527557367
GP_parsimony,21,40,0.2953468527557367
GP_parsimony,21,41,0.2953468527557367
GP_parsimony,21,42,0.2953468527557367
GP_parsimony,21,43,0.2953468527557367
GP_parsimony,21,44,0.2953468527557367
GP_parsimony,21,45,0.2953468527557367
GP_parsimony,21,46,0.2953468527557367
GP_parsimony,21,47,0.2953468527557367
GP_parsimony,21,48,0.2953468527557367
GP_parsimony,21,49,0.2953468527557367
GP_parsimony,21,50,0.2953468527557367
GP_parsimony,21,51,0.2953468527557367
GP_parsimony,21,52,0.2953468527557367
GP_parsimony,21,53,0.2953468527557367
GP_parsimony,21,54,0.2953468527557367
GP_parsimony,21,55,0.29272043686126736
GP_parsimony,21,56,0.29272043686126736
GP_parsimony,21,57,0.29272043686126736
GP_parsimony,21,58,0.29272043686126736
GP_parsimony,21,59,0.29272043686126736
GP_parsimony,21,60,0.29272043686126736
GP_parsimony,21,61,0.29272043686126736
GP_parsimony,21,62,0.29272043686126736
GP_parsimony,21,63,0.29272043686126736
GP_parsimony,22,0,0.9234466438908554
GP_parsimony,22,1,0.5305972611971347
GP_parsimony,22,2,0.47906358009867245
GP_parsimony,22,3,0.45894065533103606
GP_parsimony,22,4,0.45894065533103606
GP_parsimony,22,5,0.45894065533103606
GP_parsimony,22,6,0.45894065533103606
GP_parsimony,22,7,0.45894065533103606
GP_parsimony,22,8,0.45894065533103606
GP_parsimony,22,9,0.4344025892960987
GP_parsimony,22,10,0.4344025892960987
GP_parsimony,22,11,0.4344025892960987
GP_parsimony,22,12,0.4107297740572742
GP_parsimony,22,13,0.3206714936062193
GP_parsimony,22,14,0.3206714936062193
GP_parsimony,22,15,0.3206714936062193
GP_parsimony,22,16,0.26959722299080724
GP_parsimony,22,17,0.26959722299080724
GP_parsimony,22,18,0.26959722299080724
GP_parsimony,22,19,0.26959722299080724
GP_parsimony,22,20,0.26959722299080724
GP_parsimony,22,21,0.26959722299080724
GP_parsimony,22,22,0.26959722299080724
GP_parsimony,22,23,0.26959722299080724
GP_parsimony,22,24,0.26959722299080724
GP_parsimony,22,25,0.26959722299080724
GP_parsimony,22,26,0.26959722299080724
GP_parsimony,22,27,0.26959722299080724
GP_parsimony,22,28,0.26959722299080724
GP_parsimony,22,29,0.26959722299080724
GP_parsimony,22,30,0.26959722299080724
GP_parsimony,22,31,0.26959722299080724
GP_parsimony,22,32,0.26959722299080724
GP_parsimony,22,33,0.26959722299080724
GP_parsimony,22,34,0.26959722299080724
GP_parsimony,22,35,0.26959722299080724
GP_parsimony,22,36,0.26959722299080724
GP_parsimony,22,37,0.26959722299080724
GP_parsimony,22,38,0.26959722299080724
GP_parsimony,22,39,0.26959722299080724
GP_parsimony,22,40,0.26959722299080724
GP_parsimony,22,41,0.26959722299080724
GP_parsimony,22,42,0.26959722299080724
GP_parsimony,22,43,0.26959722299080724
GP_parsimony,22,44,0.26959722299080724
GP_parsimony,22,45,0.26959722299080724
GP_parsimony,22,46,0.26959722299080724
GP_parsimony,22,47,0.26959722299080724
GP_parsimony,22,48,0.26959722299080724
GP_parsimony,22,49,0.26959722299080724
GP_parsimony,22,50,0.26959722299080724
GP_parsimony,22,51,0.26959722299080724
GP_parsimony,22,52,0.26959722299080724
GP_parsimony,22,53,0.26959722299080724
GP_parsimony,22,54,0.26959722299080724
GP_parsimony,22,55,0.26959722299080724
GP_parsimony,22,56,0.26959722299080724
GP_parsimony,22,57,0.26959722299080724
GP_parsimony,22,58,0.26959722299080724
GP_parsimony,22,59,0.26959722299080724
GP_parsimony,22,60,0.26959722299080724
GP_parsimony,22,61,0.26959722299080724
GP_parsimony,22,62,0.26959722299080724
GP_parsimony,22,63,0.26959722299080724
GP_parsimony,23,0,1.6520626172462929
GP_parsimony,23,1,1.6520626172462929
GP_parsimony,23,2,1.6520626172462929
GP_parsimony,23,3,0.5305972611971347
GP_parsimony,23,4,0.5305972611971347
GP_parsimony,23,5,0.5305972611971347
GP_parsimony,23,6,0.5305972611971347
GP_parsimony,23,7,0.5305972611971347
GP_parsimony,23,8,0.4743315676756108
GP_parsimony,23,9,0.4743315676756108
GP_parsimony,23,10,0.4743315676756108
GP_parsimony,23,11,0.4536177689721678
GP_parsimony,23,12,0.4536177689721678
GP_parsimony,23,13,0.4536177689721678
GP_parsimony,23,14,0.4536177689721678
GP_parsimony,23,15,0.4536177689721678
GP_parsimony,23,16,0.43349269221267084
GP_parsimony,23,17,0.42012578587881877
GP_parsimony,23,18,0.42012578587881877
GP_parsimony,23,19,0.42012578587881877
GP_parsimony,23,20,0.42012578587881877
GP_parsimony,23,21,0.42012578587881877
GP_parsimony,23,22,0.42012578587881877
GP_parsimony,23,23,0.42012578587881877
GP_parsimony,23,24,0.42198580880515013
GP_parsimony,23,25,0.42052399479637537
GP_parsimony,23,26,0.42052399479637537
GP_parsimony,23,27,0.42198580880515013
GP_parsimony,23,28,0.42198580880515013
GP_parsimony,23,29,0.4264149336745716
GP_parsimony,23,30,0.4264149336745716
GP_parsimony,23,31,0.4264149336745716
GP_parsimony,23,32,0.4264149336745716
GP_parsimony,23,33,0.4264149336745716
GP_parsimony,23,34,0.4264149336745716
GP_parsimony,23,35,0.4264149336745716
GP_parsimony,23,36,0.4264149336745716
GP_parsimony,23,37,0.4264149336745716
GP_parsimony,23,38,0.4264149336745716
GP_parsimony,23,39,0.4264149336745716
GP_parsimony,23,40,0.4264149336745716
GP_parsimony,23,41,0.4264149336745716
GP_parsimony,23,42,0.4264149336745716
GP_parsimony,23,43,0.4264149336745716
GP_parsimony,23,44,0.4264149336745716
GP_parsimony,23,45,0.4264149336745716
GP_parsimony,23,46,0.4264149336745716
GP_parsimony,23,47,0.4264149336745716
GP_parsimony,23,48,0.4264149336745716
GP_parsimony,23,49,0.4264149336745716
GP_parsimony,23,50,0.4264149336745716
GP_parsimony,23,51,0.4264149336745716
GP_parsimony,23,52,0.4264149336745716
GP_parsimony,23,53,0.4264149336745716
GP_parsimony,23,54,0.4264149336745716
GP_parsimony,23,55,0.4264149336745716
GP_parsimony,23,56,0.4264149336745716
GP_parsimony,23,57,0.4264149336745716
GP_parsimony,23,58,0.4264149336745716
GP_parsimony,23,59,0.4264149336745716
GP_parsimony,23,60,0.4264149336745716
GP_parsimony,23,61,0.4264149336745716
GP_parsimony,23,62,0.4264149336745716
GP_parsimony,23,63,0.4264149336745716
GP_parsimony,24,0,0.5305972611971347
GP_parsimony,24,1,0.5305972611971347
GP_parsimony,24,2,0.5305972611971347
GP_parsimony,24,3,0.5305972611971347
GP_parsimony,24,4,0.4189520609996251
GP_parsimony,24,5,0.4189520609996251
GP_parsimony,24,6,0.4189520609996251
GP_parsimony,24,7,0.4189520609996251
GP_parsimony,24,8,0.4189520609996251
GP_parsimony,24,9,0.4189520609996251
GP_parsimony,24,10,0.4189520609996251
GP_parsimony,24,11,0.4189520609996251
GP_parsimony,24,12,0.4189520609996251
GP_parsimony,24,13,0.4189520609996251
GP_parsimony,24,14,0.4189520609996251
GP_parsimony,24,15,0.4189520609996251
GP_parsimony,24,16,0.4189520609996251
GP_parsimony,24,17,0.4189520609996251
GP_parsimony,24,18,0.4189520609996251
GP_parsimony,24,19,0.4189520609996251
GP_parsimony,24,20,0.4189520609996251
GP_parsimony,24,21,0.4189520609996251
GP_parsimony,24,22,0.4189520609996251
GP_parsimony,24,23,0.4189520609996251
GP_parsimony,24,24,0.4189520609996251
GP_parsimony,24,25,0.4189520609996251
GP_parsimony,24,26,0.4189520609996251
GP_parsimony,24,27,0.4189520609996251
GP_parsimony,24,28,0.4189520609996251
GP_parsimony,24,29,0.4189520609996251
GP_parsimony,24,30,0.4189520609996251
GP_parsimony,24,31,0.4189520609996251
GP_parsimony,24,32,0.4189520609996251
GP_parsimony,24,33,0.4189520609996251
GP_parsimony,24,34,0.4189520609996251
GP_parsimony,24,35,0.4189520609996251
GP_parsimony,24,36,0.4189520609996251
GP_parsimony,24,37,0.4189520609996251
GP_parsimony,24,38,0.4189520609996251
GP_parsimony,24,39,0.4189520609996251
GP_parsimony,24,40,0.4189520609996251
GP_parsimony,24,41,0.4189520609996251
GP_parsimony,24,42,0.4189520609996251
GP_parsimony,24,43,0.4189520609996251
GP_parsimony,24,44,0.4189520609996251
GP_parsimony,24,45,0.4189520609996251
GP_parsimony,24,46,0.4189520609996251
GP_parsimony,24,47,0.4189520609996251
GP_parsimony,24,48,0.4189520609996251
GP_parsimony,24,49,0.4189520609996251
GP_parsimony,24,50,0.4189520609996251
GP_parsimony,24,51,0.4189520609996251
GP_parsimony,24,52,0.4189520609996251
GP_parsimony,24,53,0.4189520609996251
GP_parsimony,24,54,0.4189520609996251
GP_parsimony,24,55,0.4189520609996251
GP_parsimony,24,56,0.4189520609996251
GP_parsimony,24,57,0.4189520609996251
GP_parsimony,24,58,0.4189520609996251
GP_parsimony,24,59,0.4189520609996251
GP_parsimony,24,60,0.4189520609996251
GP_parsimony,24,61,0.4189520609996251
GP_parsimony,24,62,0.4189520609996251
GP_parsimony,24,63,0.4189520609996251
GP_parsimony,25,0,1.3813608315627293
GP_parsimony,25,1,0.5305972611971347
GP_parsimony,25,2,0.5305972611971347
GP_parsimony,25,3,0.5305972611971347
GP_parsimony,25,4,0.5305972611971347
GP_parsimony,25,5,0.5305972611971347
GP_parsimony,25,6,0.5305972611971347
GP_parsimony,25,7,0.5305972611971347
GP_parsimony,25,8,0.5305972611971347
GP_parsimony,25,9,0.5305972611971347
GP_parsimony,25,10,0.5305972611971347
GP_parsimony,25,11,0.5305972611971347
GP_parsimony,25,12,0.5305972611971347
GP_parsimony,25,13,0.5305972611971347
GP_parsimony,25,14,0.5305972611971347
GP_parsimony,25,15,0.5305972611971347
GP_parsimony,25,16,0.5305972611971347
GP_parsimony,25,17,0.5305972611971347
GP_parsimony,25,18,0.5305972611971347
GP_parsimony,25,19,0.5305972611971347
GP_parsimony,25,20,0.5305972611971347
GP_parsimony,25,21,0.5305972611971347
GP_parsimony,25,22,0.5305972611971347
GP_parsimony,25,23,0.5305972611971347
GP_parsimony,25,24,0.5305972611971347
GP_parsimony,25,25,0.5305972611971347
GP_parsimony,25,26,0.5305972611971347
GP_parsimony,25,27,0.5305972611971347
GP_parsimony,25,28,0.5305972611971347
GP_parsimony,25,29,0.5305972611971347
GP_parsimony,25,30,0.5305972611971347
GP_parsimony,25,31,0.5305972611971347
GP_parsimony,25,32,0.5305972611971347
GP_parsimony,25,33,0.5305972611971347
GP_parsimony,25,34,0.5305972611971347
GP_parsimony,25,35,0.5305972611971347
GP_parsimony,25,36,0.5305972611971347
GP_parsimony,25,37,0.5305972611971347
GP_parsimony,25,38,0.5305972611971347
GP_parsimony,25,39,0.5305972611971347
GP_parsimony,25,40,0.5305972611971347
GP_parsimony,25,41,0.5305972611971347
GP_parsimony,25,42,0.5305972611971347
GP_parsimony,25,43,0.5305972611971347
GP_parsimony,25,44,0.5305972611971347
GP_parsimony,25,45,0.5305972611971347
GP_parsimony,25,46,0.5305972611971347
GP_parsimony,25,47,0.44250444217793095
GP_parsimony,25,48,0.44250444217793095
GP_parsimony,25,49,0.44250444217793095
GP_parsimony,25,50,0.44250444217793095
GP_parsimony,25,51,0.44250444217793095
GP_parsimony,25,52,0.44250444217793095
GP_parsimony,25,53,0.44250444217793095
GP_parsimony,25,54,0.44250444217793095
GP_parsimony,25,55,0.44250444217793095
GP_parsimony,25,56,0.44250444217793095
GP_parsimony,25,57,0.44250444217793095
GP_parsimony,25,58,0.44250444217793095
GP_parsimony,25,59,0.44250444217793095
GP_parsimony,25,60,0.4364336606654168
GP_parsimony,25,61,0.41957587638800825
GP_parsimony,25,62,0.41957587638800825
GP_parsimony,25,63,0.41957587638800825
GP_parsimony,26,0,0.5305972611971347
GP_parsimony,26,1,0.5305972611971347
GP_parsimony,26,2,0.5305972611971347
GP_parsimony,26,3,0.5305972611971347
GP_parsimony,26,4,0.5305972611971347
GP_parsimony,26,5,0.5305972611971347
GP_parsimony,26,6,0.5305972611971347
GP_parsimony,26,7,0.5305972611971347
GP_parsimony,26,8,0.5305972611971347
GP_parsimony,26,9,0.5305972611971347
GP_parsimony,26,10,0.5305972611971347
GP_parsimony,26,11,0.5305972611971347
GP_parsimony,26,12,0.5305972611971347
GP_parsimony,26,13,0.5305972611971347
GP_parsimony,26,14,0.5305972611971347
GP_parsimony,26,15,0.5305972611971347
GP_parsimony,26,16,0.5305972611971347
GP_parsimony,26,17,0.5305972611971347
GP_parsimony,26,18,0.5305972611971347
GP_parsimony,26,19,0.5305972611971347
GP_parsimony,26,20,0.5305972611971347
GP_parsimony,26,21,0.5305972611971347
GP_parsimony,26,22,0.5305972611971347
GP_parsimony,26,23,0.5305972611971347
GP_parsimony,26,24,0.4236599063308103
GP_parsimony,26,25,0.4236599063308103
GP_parsimony,26,26,0.4236599063308103
GP_parsimony,26,27,0.4236599063308103
GP_parsimony,26,28,0.4236599063308103
GP_parsimony,26,29,0.4236599063308103
GP_parsimony,26,30,0.4236599063308103
GP_parsimony,26,31,0.4233451817669591
GP_parsimony,26,32,0.4233451817669591
GP_parsimony,26,33,0.4233451817669591
GP_parsimony,26,34,0.4233451817669591
GP_parsimony,26,35,0.4233451817669591
GP_parsimony,26,36,0.4233451817669591
GP_parsimony,26,37,0.4233451817669591
GP_parsimony,26,38,0.4233451817669591
GP_parsimony,26,39,0.39181537802803523
GP_parsimony,26,40,0.39181537802803523
GP_parsimony,26,41,0.39181537802803523
GP_parsimony,26,42,0.39181537802803523
GP_parsimony,26,43,0.39181537802803523
GP_parsimony,26,44,0.39181537802803523
GP_parsimony,26,45,0.39181537802803523
GP_parsimony,26,46,0.39181537802803523
GP_parsimony,26,47,0.39181537802803523
GP_parsimony,26,48,0.3781639786144587
GP_parsimony,26,49,0.3781639786144587
GP_parsimony,26,50,0.3781639786144587
GP_parsimony,26,51,0.3781639786144587
GP_parsimony,26,52,0.3781639786144587
GP_parsimony,26,53,0.3781639786144587
GP_parsimony,26,54,0.3781639786144587
GP_parsimony,26,55,0.3716244873109378
GP_parsimony,26,56,0.3716244873109378
GP_parsimony,26,57,0.3716244873109378
GP_parsimony,26,58,0.3716244873109378
GP_parsimony,26,59,0.3716244873109378
GP_parsimony,26,60,0.3716244873109378
GP_parsimony,26,61,0.3716244873109378
GP_parsimony,26,62,0.3716244873109378
GP_parsimony,26,63,0.3716244873109378
GP_parsimony,27,0,0.5305972611971347
GP_parsimony,27,1,0.5305972611971347
GP_parsimony,27,2,0.5305972611971347
GP_parsimony,27,3,0.5305972611971347
GP_parsimony,27,4,0.5305972611971347
GP_parsimony,27,5,0.5305972611971347
GP_parsimony,27,6,0.5305972611971347
GP_parsimony,27,7,0.5305972611971347
GP_parsimony,27,8,0.5305972611971347
GP_parsimony,27,9,0.5305972611971347
GP_parsimony,27,10,0.5305972611971347
GP_parsimony,27,11,0.5305972611971347
GP_parsimony,27,12,0.5305972611971347
GP_parsimony,27,13,0.5305972611971347
GP_parsimony,27,14,0.5305972611971347
GP_parsimony,27,15,0.5305972611971347
GP_parsimony,27,16,0.5305972611971347
GP_parsimony,27,17,0.5305972611971347
GP_parsimony,27,18,0.5305972611971347
GP_parsimony,27,19,0.5305972611971347
GP_parsimony,27,20,0.5305972611971347
GP_parsimony,27,21,0.5305972611971347
GP_parsimony,27,22,0.5305972611971347
GP_parsimony,27,23,0.5305972611971347
GP_parsimony,27,24,0.5305972611971347
GP_parsimony,27,25,0.5305972611971347
GP_parsimony,27,26,0.5305972611971347
GP_parsimony,27,27,0.5305972611971347
GP_parsimony,27,28,0.5305972611971347
GP_parsimony,27,29,0.5305972611971347
GP_parsimony,27,30,0.5305972611971347
GP_parsimony,27,31,0.5305972611971347
GP_parsimony,27,32,0.5305972611971347
GP_parsimony,27,33,0.5305972611971347
GP_parsimony,27,34,0.5305972611971347
GP_parsimony,27,35,0.41855865129519976
GP_parsimony,27,36,0.41855865129519976
GP_parsimony,27,37,0.41855865129519976
GP_parsimony,27,38,0.41855865129519976
GP_parsimony,27,39,0.41855865129519976
GP_parsimony,27,40,0.41855865129519976
GP_parsimony,27,41,0.41855865129519976
GP_parsimony,27,42,0.41855865129519976
GP_parsimony,27,43,0.41855865129519976
GP_parsimony,27,44,0.41855865129519976
GP_parsimony,27,45,0.41855865129519976
GP_parsimony,27,46,0.41855865129519976
GP_parsimony,27,47,0.41855865129519976
GP_parsimony,27,48,0.41855865129519976
GP_parsimony,27,49,0.41855865129519976
GP_parsimony,27,50,0.41855865129519976
GP_parsimony,27,51,0.41855865129519976
GP_parsimony,27,52,0.41855865129519976
GP_parsimony,27,53,0.41855865129519976
GP_parsimony,27,54,0.41855865129519976
GP_parsimony,27,55,0.41855865129519976
GP_parsimony,27,56,0.41855865129519976
GP_parsimony,27,57,0.41855865129519976
GP_parsimony,27,58,0.41855865129519976
GP_parsimony,27,59,0.41855865129519976
GP_parsimony,27,60,0.41855865129519976
GP_parsimony,27,61,0.41855865129519976
GP_parsimony,27,62,0.41855865129519976
GP_parsimony,27,63,0.41855865129519976
GP_parsimony,28,0,0.7560419159504714
GP_parsimony,28,1,0.7560419159504714
GP_parsimony,28,2,0.5554627549350905
GP_parsimony,28,3,0.46561990701085976
GP_parsimony,28,4,0.4185409922490669
GP_parsimony,28,5,0.4185409922490669
GP_parsimony,28,6,0.4185409922490669
GP_parsimony,28,7,0.4185409922490669
GP_parsimony,28,8,0.4185409922490669
GP_parsimony,28,9,0.4185409922490669
GP_parsimony,28,10,0.4185409922490669
GP_parsimony,28,11,0.4185409922490669
GP_parsimony,28,12,0.4185409922490669
GP_parsimony,28,13,0.4185409922490669
GP_parsimony,28,14,0.4185409922490669
GP_parsimony,28,15,0.4185409922490669
GP_parsimony,28,16,0.4185409922490669
GP_parsimony,28,17,0.4185409922490669
GP_parsimony,28,18,0.4185409922490669
GP_parsimony,28,19,0.4185409922490669
GP_parsimony,28,20,0.4185409922490669
GP_parsimony,28,21,0.4185409922490669
GP_parsimony,28,22,0.4185409922490669
GP_parsimony,28,23,0.4185409922490669
GP_parsimony,28,24,0.4185409922490669
GP_parsimony,28,25,0.4185409922490669
GP_parsimony,28,26,0.4185409922490669
GP_parsimony,28,27,0.4185409922490669
GP_parsimony,28,28,0.4185409922490669
GP_parsimony,28,29,0.4185409922490669
GP_parsimony,28,30,0.4185409922490669
GP_parsimony,28,31,0.4185409922490669
GP_parsimony,28,32,0.4185409922490669
GP_parsimony,28,33,0.4185409922490669
GP_parsimony,28,34,0.4185409922490669
GP_parsimony,28,35,0.4185409922490669
GP_parsimony,28,36,0.4185409922490669
GP_parsimony,28,37,0.4185409922490669
GP_parsimony,28,38,0.4185409922490669
GP_parsimony,28,39,0.4185409922490669
GP_parsimony,28,40,0.4185409922490669
GP_parsimony,28,41,0.4185409922490669
GP_parsimony,28,42,0.4185409922490669
GP_parsimony,28,43,0.4185409922490669
GP_parsimony,28,44,0.4185409922490669
GP_parsimony,28,45,0.4185409922490669
GP_parsimony,28,46,0.4185409922490669
GP_parsimony,28,47,0.4185409922490669
GP_parsimony,28,48,0.4185409922490669
GP_parsimony,28,49,0.4185409922490669
GP_parsimony,28,50,0.4185409922490669
GP_parsimony,28,51,0.4185409922490669
GP_parsimony,28,52,0.4185409922490669
GP_parsimony,28,53,0.4185409922490669
GP_parsimony,28,54,0.4185409922490669
GP_parsimony,28,55,0.4185409922490669
GP_parsimony,28,56,0.4185409922490669
GP_parsimony,28,57,0.4185409922490669
GP_parsimony,28,58,0.4185409922490669
GP_parsimony,28,59,0.4185409922490669
GP_parsimony,28,60,0.4185409922490669
GP_parsimony,28,61,0.4185409922490669
GP_parsimony,28,62,0.4185409922490669
GP_parsimony,28,63,0.4185409922490669
GP_parsimony,29,0,0.9259110050481041
GP_parsimony,29,1,0.9259110050481041
GP_parsimony,29,2,0.9259110050481041
GP_parsimony,29,3,0.5305972611971347
GP_parsimony,29,4,0.5305972611971347
GP_parsimony,29,5,0.5305972611971347
GP_parsimony,29,6,0.5305972611971347
GP_parsimony,29,7,0.5305972611971347
GP_parsimony,29,8,0.5305972611971347
GP_parsimony,29,9,0.4290160399953186
GP_parsimony,29,10,0.4290160399953186
GP_parsimony,29,11,0.4290160399953186
GP_parsimony,29,12,0.4290160399953186
GP_parsimony,29,13,0.4290160399953186
GP_parsimony,29,14,0.4290160399953186
GP_parsimony,29,15,0.4290160399953186
GP_parsimony,29,16,0.4248258725743746
GP_parsimony,29,17,0.4290160399953186
GP_parsimony,29,18,0.4290160399953186
GP_parsimony,29,19,0.4290160399953186
GP_parsimony,29,20,0.4290160399953186
GP_parsimony,29,21,0.4290160399953186
GP_parsimony,29,22,0.4290160399953186
GP_parsimony,29,23,0.4290160399953186
GP_parsimony,29,24,0.4290160399953186
GP_parsimony,29,25,0.4290160399953186
GP_parsimony,29,26,0.4290160399953186
GP_parsimony,29,27,0.4290160399953186
GP_parsimony,29,28,0.4290160399953186
GP_parsimony,29,29,0.4290160399953186
GP_parsimony,29,30,0.4290160399953186
GP_parsimony,29,31,0.4290160399953186
GP_parsimony,29,32,0.4290160399953186
GP_parsimony,29,33,0.4290160399953186
GP_parsimony,29,34,0.4290160399953186
GP_parsimony,29,35,0.4290160399953186
GP_parsimony,29,36,0.4290160399953186
GP_parsimony,29,37,0.4290160399953186
GP_parsimony,29,38,0.4290160399953186
GP_parsimony,29,39,0.4290160399953186
GP_parsimony,29,40,0.4290160399953186
GP_parsimony,29,41,0.4290160399953186
GP_parsimony,29,42,0.4290160399953186
GP_parsimony,29,43,0.4290160399953186
GP_parsimony,29,44,0.4290160399953186
GP_parsimony,29,45,0.4290160399953186
GP_parsimony,29,46,0.4290160399953186
GP_parsimony,29,47,0.4290160399953186
GP_parsimony,29,48,0.4290160399953186
GP_parsimony,29,49,0.4290160399953186
GP_parsimony,29,50,0.4290160399953186
GP_parsimony,29,51,0.4290160399953186
GP_parsimony,29,52,0.4290160399953186
GP_parsimony,29,53,0.4290160399953186
GP_parsimony,29,54,0.4290160399953186
GP_parsimony,29,55,0.4290160399953186
GP_parsimony,29,56,0.4290160399953186
GP_parsimony,29,57,0.4290160399953186
GP_parsimony,29,58,0.4290160399953186
GP_parsimony,29,59,0.4290160399953186
GP_parsimony,29,60,0.4290160399953186
GP_parsimony,29,61,0.4290160399953186
GP_parsimony,29,62,0.4290160399953186
GP_parsimony,29,63,0.4290160399953186
